family,visualClass,rank,view,silhouetteIoU,iouTarget,iouTargetMetForNominalMask,boundaryMeanErrorPixels,boundaryP95ErrorPixels,boundaryMeanErrorPercentOverallHeight,registeredWidthDifferencePercentOverallHeight,landmarkTargetEvaluated,landmarkErrorPercentH,segmentationIoULow,segmentationIoUHigh,sourceCropBoxPixels,referenceFile,renderFile,maskUncertainty
soldier,soldier,1,front,0.6820846905537459,0.97,False,4.2735595703125,12.041594505310059,1.7443100214004517,0.40816326530612246,False,,0.6804680914365052,0.6833761135437113,"[50, 83, 271, 336]",output\design\basic-defender-turnarounds-v1\soldier-variant-b-turnaround.png,blender\renders\hooded-turnarounds-v3\soldier-t1-front.png,"Raster lighting, antialiasing, grid overlap, shadows and VI gold effect separation (3px bright-structure opening may remove narrow bright cloth or steel tips); strict/loose masks are sensitivity bounds, not calibrated confidence intervals. Foreground touches source row crop boundary; reference clipping possible."
soldier,soldier,1,back,0.6858684036435805,0.97,False,4.325999736785889,12.0,1.7729507684707642,-0.819672131147541,False,,0.6818250567179228,0.6877686796315251,"[275, 83, 490, 336]",output\design\basic-defender-turnarounds-v1\soldier-variant-b-turnaround.png,blender\renders\hooded-turnarounds-v3\soldier-t1-back.png,"Raster lighting, antialiasing, grid overlap, shadows and VI gold effect separation (3px bright-structure opening may remove narrow bright cloth or steel tips); strict/loose masks are sensitivity bounds, not calibrated confidence intervals. Foreground touches source row crop boundary; reference clipping possible."
soldier,soldier,1,left,0.4953639313861845,0.97,False,7.783787727355957,19.10497283935547,3.190077066421509,6.147540983606557,False,,0.49303815904456744,0.4982786320862979,"[494, 83, 709, 336]",output\design\basic-defender-turnarounds-v1\soldier-variant-b-turnaround.png,blender\renders\hooded-turnarounds-v3\soldier-t1-left.png,"Raster lighting, antialiasing, grid overlap, shadows and VI gold effect separation (3px bright-structure opening may remove narrow bright cloth or steel tips); strict/loose masks are sensitivity bounds, not calibrated confidence intervals."
soldier,soldier,1,right,0.5061649038742476,0.97,False,7.536059856414795,18.601076126098633,3.0885491371154785,4.918032786885246,False,,0.5059866181476699,0.5085179370893657,"[713, 83, 912, 336]",output\design\basic-defender-turnarounds-v1\soldier-variant-b-turnaround.png,blender\renders\hooded-turnarounds-v3\soldier-t1-right.png,"Raster lighting, antialiasing, grid overlap, shadows and VI gold effect separation (3px bright-structure opening may remove narrow bright cloth or steel tips); strict/loose masks are sensitivity bounds, not calibrated confidence intervals."
soldier,soldier,2,front,0.7440061871616396,0.97,False,4.695697784423828,14.758992195129395,1.9729822874069214,1.2605042016806722,False,,0.7385213211984866,0.7453754080522307,"[50, 338, 271, 593]",output\design\basic-defender-turnarounds-v1\soldier-variant-b-turnaround.png,blender\renders\hooded-turnarounds-v3\soldier-t2-front.png,"Raster lighting, antialiasing, grid overlap, shadows and VI gold effect separation (3px bright-structure opening may remove narrow bright cloth or steel tips); strict/loose masks are sensitivity bounds, not calibrated confidence intervals."
soldier,soldier,2,back,0.737319587628866,0.97,False,4.77284574508667,14.254720687866211,1.9970065355300903,0.8368200836820083,False,,0.7350939147346333,0.7391033946618295,"[275, 338, 490, 593]",output\design\basic-defender-turnarounds-v1\soldier-variant-b-turnaround.png,blender\renders\hooded-turnarounds-v3\soldier-t2-back.png,"Raster lighting, antialiasing, grid overlap, shadows and VI gold effect separation (3px bright-structure opening may remove narrow bright cloth or steel tips); strict/loose masks are sensitivity bounds, not calibrated confidence intervals."
soldier,soldier,2,left,0.5810393778545858,0.97,False,5.649204254150391,14.0,2.353835105895996,7.083333333333333,False,,0.5789343246592317,0.5815420417661828,"[494, 338, 709, 593]",output\design\basic-defender-turnarounds-v1\soldier-variant-b-turnaround.png,blender\renders\hooded-turnarounds-v3\soldier-t2-left.png,"Raster lighting, antialiasing, grid overlap, shadows and VI gold effect separation (3px bright-structure opening may remove narrow bright cloth or steel tips); strict/loose masks are sensitivity bounds, not calibrated confidence intervals."
soldier,soldier,2,right,0.5889867841409692,0.97,False,5.642585277557373,14.0,2.3708341121673584,6.302521008403361,False,,0.5887974683544304,0.5902860361770045,"[713, 338, 912, 593]",output\design\basic-defender-turnarounds-v1\soldier-variant-b-turnaround.png,blender\renders\hooded-turnarounds-v3\soldier-t2-right.png,"Raster lighting, antialiasing, grid overlap, shadows and VI gold effect separation (3px bright-structure opening may remove narrow bright cloth or steel tips); strict/loose masks are sensitivity bounds, not calibrated confidence intervals."
soldier,soldier,3,front,0.7753003839960362,0.97,False,4.805739879608154,13.152946472167969,1.9858429431915283,-1.6528925619834711,False,,0.7677711580837346,0.7783034528552457,"[50, 595, 271, 856]",output\design\basic-defender-turnarounds-v1\soldier-variant-b-turnaround.png,blender\renders\hooded-turnarounds-v3\soldier-t3-front.png,"Raster lighting, antialiasing, grid overlap, shadows and VI gold effect separation (3px bright-structure opening may remove narrow bright cloth or steel tips); strict/loose masks are sensitivity bounds, not calibrated confidence intervals."
soldier,soldier,3,back,0.7832929267151546,0.97,False,4.646182060241699,13.0,1.919909954071045,1.2396694214876034,False,,0.7804692454026633,0.7842509603072984,"[275, 595, 490, 856]",output\design\basic-defender-turnarounds-v1\soldier-variant-b-turnaround.png,blender\renders\hooded-turnarounds-v3\soldier-t3-back.png,"Raster lighting, antialiasing, grid overlap, shadows and VI gold effect separation (3px bright-structure opening may remove narrow bright cloth or steel tips); strict/loose masks are sensitivity bounds, not calibrated confidence intervals."
soldier,soldier,3,left,0.5453957299978435,0.97,False,5.798389434814453,14.866068840026855,2.3861684799194336,6.995884773662551,False,,0.5429837358837196,0.5476548245143287,"[494, 595, 709, 856]",output\design\basic-defender-turnarounds-v1\soldier-variant-b-turnaround.png,blender\renders\hooded-turnarounds-v3\soldier-t3-left.png,"Raster lighting, antialiasing, grid overlap, shadows and VI gold effect separation (3px bright-structure opening may remove narrow bright cloth or steel tips); strict/loose masks are sensitivity bounds, not calibrated confidence intervals."
soldier,soldier,3,right,0.5581722700449353,0.97,False,5.786893367767334,14.866068840026855,2.3814375400543213,6.584362139917696,False,,0.5565269331016507,0.5600927823929226,"[713, 595, 912, 856]",output\design\basic-defender-turnarounds-v1\soldier-variant-b-turnaround.png,blender\renders\hooded-turnarounds-v3\soldier-t3-right.png,"Raster lighting, antialiasing, grid overlap, shadows and VI gold effect separation (3px bright-structure opening may remove narrow bright cloth or steel tips); strict/loose masks are sensitivity bounds, not calibrated confidence intervals."
soldier,soldier,4,front,0.7469830563569135,0.97,False,5.333745002746582,15.524174690246582,2.222393751144409,-2.5,False,,0.7432176401822066,0.7469830563569135,"[50, 858, 271, 1114]",output\design\basic-defender-turnarounds-v1\soldier-variant-b-turnaround.png,blender\renders\hooded-turnarounds-v3\soldier-t4-front.png,"Raster lighting, antialiasing, grid overlap, shadows and VI gold effect separation (3px bright-structure opening may remove narrow bright cloth or steel tips); strict/loose masks are sensitivity bounds, not calibrated confidence intervals."
soldier,soldier,4,back,0.7520630000418883,0.97,False,4.963222026824951,15.0,2.0680091381073,-0.4166666666666667,False,,0.6681410337419437,0.7520630000418883,"[275, 858, 490, 1114]",output\design\basic-defender-turnarounds-v1\soldier-variant-b-turnaround.png,blender\renders\hooded-turnarounds-v3\soldier-t4-back.png,"Raster lighting, antialiasing, grid overlap, shadows and VI gold effect separation (3px bright-structure opening may remove narrow bright cloth or steel tips); strict/loose masks are sensitivity bounds, not calibrated confidence intervals."
soldier,soldier,4,left,0.6333018920268546,0.97,False,5.319148540496826,15.0,2.2163119316101074,1.25,False,,0.6333018920268546,0.6339984566199978,"[494, 858, 709, 1114]",output\design\basic-defender-turnarounds-v1\soldier-variant-b-turnaround.png,blender\renders\hooded-turnarounds-v3\soldier-t4-left.png,"Raster lighting, antialiasing, grid overlap, shadows and VI gold effect separation (3px bright-structure opening may remove narrow bright cloth or steel tips); strict/loose masks are sensitivity bounds, not calibrated confidence intervals."
soldier,soldier,4,right,0.6335804965734187,0.97,False,4.872326850891113,13.444149017333984,2.038630485534668,1.2552301255230125,False,,0.6324544528686206,0.6352770330652369,"[713, 858, 912, 1114]",output\design\basic-defender-turnarounds-v1\soldier-variant-b-turnaround.png,blender\renders\hooded-turnarounds-v3\soldier-t4-right.png,"Raster lighting, antialiasing, grid overlap, shadows and VI gold effect separation (3px bright-structure opening may remove narrow bright cloth or steel tips); strict/loose masks are sensitivity bounds, not calibrated confidence intervals."
soldier,soldier,5,front,0.7527827451552863,0.97,False,6.339383602142334,21.007139205932617,2.5562031269073486,-2.0161290322580645,False,,0.7525584125004585,0.7527827451552863,"[50, 1116, 271, 1371]",output\design\basic-defender-turnarounds-v1\soldier-variant-b-turnaround.png,blender\renders\hooded-turnarounds-v3\soldier-t5-front.png,"Raster lighting, antialiasing, grid overlap, shadows and VI gold effect separation (3px bright-structure opening may remove narrow bright cloth or steel tips); strict/loose masks are sensitivity bounds, not calibrated confidence intervals. Foreground touches source row crop boundary; reference clipping possible."
soldier,soldier,5,back,0.7815995418973086,0.97,False,5.6844635009765625,18.0,2.2921223640441895,-0.4032258064516129,False,,0.7796636085626911,0.7819296842265646,"[275, 1116, 490, 1371]",output\design\basic-defender-turnarounds-v1\soldier-variant-b-turnaround.png,blender\renders\hooded-turnarounds-v3\soldier-t5-back.png,"Raster lighting, antialiasing, grid overlap, shadows and VI gold effect separation (3px bright-structure opening may remove narrow bright cloth or steel tips); strict/loose masks are sensitivity bounds, not calibrated confidence intervals. Foreground touches source row crop boundary; reference clipping possible."
soldier,soldier,5,left,0.6014994508380689,0.97,False,5.879027366638184,16.0,2.3801732063293457,4.4534412955465585,False,,0.5971284996410624,0.6045770292130555,"[494, 1116, 709, 1371]",output\design\basic-defender-turnarounds-v1\soldier-variant-b-turnaround.png,blender\renders\hooded-turnarounds-v3\soldier-t5-left.png,"Raster lighting, antialiasing, grid overlap, shadows and VI gold effect separation (3px bright-structure opening may remove narrow bright cloth or steel tips); strict/loose masks are sensitivity bounds, not calibrated confidence intervals."
soldier,soldier,5,right,0.6142714807610191,0.97,False,6.054219722747803,16.0,2.451101064682007,2.42914979757085,False,,0.6111586757990868,0.6177807233478508,"[713, 1116, 912, 1371]",output\design\basic-defender-turnarounds-v1\soldier-variant-b-turnaround.png,blender\renders\hooded-turnarounds-v3\soldier-t5-right.png,"Raster lighting, antialiasing, grid overlap, shadows and VI gold effect separation (3px bright-structure opening may remove narrow bright cloth or steel tips); strict/loose masks are sensitivity bounds, not calibrated confidence intervals."
soldier,soldier,6,front,0.7241097448290568,0.97,False,6.309521198272705,21.0,2.5137534141540527,-0.796812749003984,False,,0.7211589298932009,0.7255800630191922,"[50, 1373, 271, 1649]",output\design\basic-defender-turnarounds-v1\soldier-variant-b-turnaround.png,blender\renders\hooded-turnarounds-v3\soldier-t6-front.png,"Raster lighting, antialiasing, grid overlap, shadows and VI gold effect separation (3px bright-structure opening may remove narrow bright cloth or steel tips); strict/loose masks are sensitivity bounds, not calibrated confidence intervals."
soldier,soldier,6,back,0.7120237329330188,0.97,False,7.129827499389648,22.0,2.8749303817749023,-2.4193548387096775,False,,0.7104009172011035,0.7129249759195176,"[275, 1373, 490, 1649]",output\design\basic-defender-turnarounds-v1\soldier-variant-b-turnaround.png,blender\renders\hooded-turnarounds-v3\soldier-t6-back.png,"Raster lighting, antialiasing, grid overlap, shadows and VI gold effect separation (3px bright-structure opening may remove narrow bright cloth or steel tips); strict/loose masks are sensitivity bounds, not calibrated confidence intervals."
soldier,soldier,6,left,0.6766928507507209,0.97,False,5.47691011428833,13.0,2.263185977935791,-3.71900826446281,False,,0.6722031023991222,0.6770977980559413,"[494, 1373, 709, 1649]",output\design\basic-defender-turnarounds-v1\soldier-variant-b-turnaround.png,blender\renders\hooded-turnarounds-v3\soldier-t6-left.png,"Raster lighting, antialiasing, grid overlap, shadows and VI gold effect separation (3px bright-structure opening may remove narrow bright cloth or steel tips); strict/loose masks are sensitivity bounds, not calibrated confidence intervals."
soldier,soldier,6,right,0.6715534119669547,0.97,False,6.129180431365967,14.0,2.501706123352051,-4.8979591836734695,False,,0.6668422060513214,0.6746723850369312,"[713, 1373, 912, 1649]",output\design\basic-defender-turnarounds-v1\soldier-variant-b-turnaround.png,blender\renders\hooded-turnarounds-v3\soldier-t6-right.png,"Raster lighting, antialiasing, grid overlap, shadows and VI gold effect separation (3px bright-structure opening may remove narrow bright cloth or steel tips); strict/loose masks are sensitivity bounds, not calibrated confidence intervals."
archer,archer,1,front,0.6813247841672136,0.97,False,4.089442729949951,9.848857879638672,1.7255032062530518,0.0,False,,0.6806646979328295,0.6813247841672136,"[49, 76, 272, 319]",output\design\basic-defender-turnarounds-v1\archer-variant-b-turnaround.png,blender\renders\hooded-turnarounds-v3\archer-t1-front.png,"Raster lighting, antialiasing, grid overlap, shadows and VI gold effect separation (3px bright-structure opening may remove narrow bright cloth or steel tips); strict/loose masks are sensitivity bounds, not calibrated confidence intervals. Foreground touches source row crop boundary; reference clipping possible."
archer,archer,1,back,0.7324538533736573,0.97,False,3.4969682693481445,9.433980941772461,1.4755140542984009,-6.751054852320674,False,,0.7302039126384432,0.734323345752217,"[276, 76, 492, 319]",output\design\basic-defender-turnarounds-v1\archer-variant-b-turnaround.png,blender\renders\hooded-turnarounds-v3\archer-t1-back.png,"Raster lighting, antialiasing, grid overlap, shadows and VI gold effect separation (3px bright-structure opening may remove narrow bright cloth or steel tips); strict/loose masks are sensitivity bounds, not calibrated confidence intervals. Foreground touches source row crop boundary; reference clipping possible."
archer,archer,1,left,0.5755664263645726,0.97,False,6.770970821380615,22.156246185302734,2.8690555095672607,11.016949152542372,False,,0.5728031606448735,0.5766513255979776,"[496, 76, 712, 319]",output\design\basic-defender-turnarounds-v1\archer-variant-b-turnaround.png,blender\renders\hooded-turnarounds-v3\archer-t1-left.png,"Raster lighting, antialiasing, grid overlap, shadows and VI gold effect separation (3px bright-structure opening may remove narrow bright cloth or steel tips); strict/loose masks are sensitivity bounds, not calibrated confidence intervals. Foreground touches source row crop boundary; reference clipping possible."
archer,archer,1,right,0.5958929917106255,0.97,False,7.099859237670898,20.006237030029297,3.0084149837493896,10.16949152542373,False,,0.5932298485131849,0.5988217407829722,"[716, 76, 930, 319]",output\design\basic-defender-turnarounds-v1\archer-variant-b-turnaround.png,blender\renders\hooded-turnarounds-v3\archer-t1-right.png,"Raster lighting, antialiasing, grid overlap, shadows and VI gold effect separation (3px bright-structure opening may remove narrow bright cloth or steel tips); strict/loose masks are sensitivity bounds, not calibrated confidence intervals. Foreground touches source row crop boundary; reference clipping possible."
archer,archer,2,front,0.7276633141294795,0.97,False,3.9694759845733643,9.486832618713379,1.653948187828064,-2.083333333333333,False,,0.7262123705352822,0.7276633141294795,"[49, 321, 272, 569]",output\design\basic-defender-turnarounds-v1\archer-variant-b-turnaround.png,blender\renders\hooded-turnarounds-v3\archer-t2-front.png,"Raster lighting, antialiasing, grid overlap, shadows and VI gold effect separation (3px bright-structure opening may remove narrow bright cloth or steel tips); strict/loose masks are sensitivity bounds, not calibrated confidence intervals. Foreground touches source row crop boundary; reference clipping possible."
archer,archer,2,back,0.7261957213491947,0.97,False,3.755601167678833,11.0,1.5713813304901123,-8.368200836820083,False,,0.7242209770962351,0.7261957213491947,"[276, 321, 492, 569]",output\design\basic-defender-turnarounds-v1\archer-variant-b-turnaround.png,blender\renders\hooded-turnarounds-v3\archer-t2-back.png,"Raster lighting, antialiasing, grid overlap, shadows and VI gold effect separation (3px bright-structure opening may remove narrow bright cloth or steel tips); strict/loose masks are sensitivity bounds, not calibrated confidence intervals. Foreground touches source row crop boundary; reference clipping possible."
archer,archer,2,left,0.5991855043380747,0.97,False,9.02928352355957,22.803508758544922,3.793816566467285,15.966386554621847,False,,0.5981171792772775,0.5993473746662711,"[496, 321, 712, 569]",output\design\basic-defender-turnarounds-v1\archer-variant-b-turnaround.png,blender\renders\hooded-turnarounds-v3\archer-t2-left.png,"Raster lighting, antialiasing, grid overlap, shadows and VI gold effect separation (3px bright-structure opening may remove narrow bright cloth or steel tips); strict/loose masks are sensitivity bounds, not calibrated confidence intervals. Foreground touches source row crop boundary; reference clipping possible."
archer,archer,2,right,0.6482558139534884,0.97,False,7.091928005218506,22.0,2.967334032058716,10.460251046025103,False,,0.6455834870848709,0.6487354710589335,"[716, 321, 930, 569]",output\design\basic-defender-turnarounds-v1\archer-variant-b-turnaround.png,blender\renders\hooded-turnarounds-v3\archer-t2-right.png,"Raster lighting, antialiasing, grid overlap, shadows and VI gold effect separation (3px bright-structure opening may remove narrow bright cloth or steel tips); strict/loose masks are sensitivity bounds, not calibrated confidence intervals. Foreground touches source row crop boundary; reference clipping possible."
archer,archer,3,front,0.7439118407328466,0.97,False,3.3280656337738037,8.329850196838379,1.3639613389968872,-3.278688524590164,False,,0.7420081044574516,0.7446556360818634,"[49, 571, 272, 825]",output\design\basic-defender-turnarounds-v1\archer-variant-b-turnaround.png,blender\renders\hooded-turnarounds-v3\archer-t3-front.png,"Raster lighting, antialiasing, grid overlap, shadows and VI gold effect separation (3px bright-structure opening may remove narrow bright cloth or steel tips); strict/loose masks are sensitivity bounds, not calibrated confidence intervals."
archer,archer,3,back,0.7172404590338938,0.97,False,4.312264442443848,12.083045959472656,1.752953052520752,-7.317073170731707,False,,0.7144302683677959,0.7181594817958454,"[276, 571, 492, 825]",output\design\basic-defender-turnarounds-v1\archer-variant-b-turnaround.png,blender\renders\hooded-turnarounds-v3\archer-t3-back.png,"Raster lighting, antialiasing, grid overlap, shadows and VI gold effect separation (3px bright-structure opening may remove narrow bright cloth or steel tips); strict/loose masks are sensitivity bounds, not calibrated confidence intervals."
archer,archer,3,left,0.616778628339322,0.97,False,6.834171295166016,19.697715759277344,2.8008899688720703,9.426229508196721,False,,0.6149950912003307,0.6186422866750736,"[496, 571, 712, 825]",output\design\basic-defender-turnarounds-v1\archer-variant-b-turnaround.png,blender\renders\hooded-turnarounds-v3\archer-t3-left.png,"Raster lighting, antialiasing, grid overlap, shadows and VI gold effect separation (3px bright-structure opening may remove narrow bright cloth or steel tips); strict/loose masks are sensitivity bounds, not calibrated confidence intervals."
archer,archer,3,right,0.7055740087191198,0.97,False,4.759370803833008,16.0,1.950561761856079,3.278688524590164,False,,0.7018084669132758,0.7069767441860465,"[716, 571, 930, 825]",output\design\basic-defender-turnarounds-v1\archer-variant-b-turnaround.png,blender\renders\hooded-turnarounds-v3\archer-t3-right.png,"Raster lighting, antialiasing, grid overlap, shadows and VI gold effect separation (3px bright-structure opening may remove narrow bright cloth or steel tips); strict/loose masks are sensitivity bounds, not calibrated confidence intervals."
archer,archer,4,front,0.7013657752783198,0.97,False,4.296375274658203,15.0,1.6652617454528809,-12.015503875968992,False,,0.6893607200553888,0.7045532092353186,"[49, 827, 272, 1085]",output\design\basic-defender-turnarounds-v1\archer-variant-b-turnaround.png,blender\renders\hooded-turnarounds-v3\archer-t4-front.png,"Raster lighting, antialiasing, grid overlap, shadows and VI gold effect separation (3px bright-structure opening may remove narrow bright cloth or steel tips); strict/loose masks are sensitivity bounds, not calibrated confidence intervals. Foreground touches source row crop boundary; reference clipping possible."
archer,archer,4,back,0.6751784621660208,0.97,False,5.15266227722168,16.260334014892578,2.0528533458709717,-7.171314741035857,False,,0.6252741690568584,0.6751784621660208,"[276, 827, 492, 1085]",output\design\basic-defender-turnarounds-v1\archer-variant-b-turnaround.png,blender\renders\hooded-turnarounds-v3\archer-t4-back.png,"Raster lighting, antialiasing, grid overlap, shadows and VI gold effect separation (3px bright-structure opening may remove narrow bright cloth or steel tips); strict/loose masks are sensitivity bounds, not calibrated confidence intervals. Foreground touches source row crop boundary; reference clipping possible."
archer,archer,4,left,0.6225066195939982,0.97,False,6.98267126083374,21.0,2.7064616680145264,4.651162790697675,False,,0.5694562351994996,0.6528755740214301,"[496, 827, 712, 1085]",output\design\basic-defender-turnarounds-v1\archer-variant-b-turnaround.png,blender\renders\hooded-turnarounds-v3\archer-t4-left.png,"Raster lighting, antialiasing, grid overlap, shadows and VI gold effect separation (3px bright-structure opening may remove narrow bright cloth or steel tips); strict/loose masks are sensitivity bounds, not calibrated confidence intervals. Foreground touches source row crop boundary; reference clipping possible."
archer,archer,4,right,0.6771216097987751,0.97,False,6.170950889587402,18.0,2.391841411590576,4.651162790697675,False,,0.5853117372975372,0.6838362816510579,"[716, 827, 930, 1085]",output\design\basic-defender-turnarounds-v1\archer-variant-b-turnaround.png,blender\renders\hooded-turnarounds-v3\archer-t4-right.png,"Raster lighting, antialiasing, grid overlap, shadows and VI gold effect separation (3px bright-structure opening may remove narrow bright cloth or steel tips); strict/loose masks are sensitivity bounds, not calibrated confidence intervals. Foreground touches source row crop boundary; reference clipping possible."
archer,archer,5,front,0.6732606242948477,0.97,False,5.466746807098389,17.464248657226562,2.1779866218566895,-13.147410358565736,False,,0.6718761656098471,0.6756296800544588,"[49, 1087, 272, 1347]",output\design\basic-defender-turnarounds-v1\archer-variant-b-turnaround.png,blender\renders\hooded-turnarounds-v3\archer-t5-front.png,"Raster lighting, antialiasing, grid overlap, shadows and VI gold effect separation (3px bright-structure opening may remove narrow bright cloth or steel tips); strict/loose masks are sensitivity bounds, not calibrated confidence intervals. Foreground touches source row crop boundary; reference clipping possible."
archer,archer,5,back,0.69523550865213,0.97,False,5.139518737792969,14.21267032623291,2.047616958618164,-5.179282868525896,False,,0.69523550865213,0.69690896477299,"[276, 1087, 492, 1347]",output\design\basic-defender-turnarounds-v1\archer-variant-b-turnaround.png,blender\renders\hooded-turnarounds-v3\archer-t5-back.png,"Raster lighting, antialiasing, grid overlap, shadows and VI gold effect separation (3px bright-structure opening may remove narrow bright cloth or steel tips); strict/loose masks are sensitivity bounds, not calibrated confidence intervals. Foreground touches source row crop boundary; reference clipping possible."
archer,archer,5,left,0.6613799647553206,0.97,False,5.333373546600342,14.866068840026855,2.1333494186401367,4.0,False,,0.6607334525939177,0.661959641051337,"[496, 1087, 712, 1347]",output\design\basic-defender-turnarounds-v1\archer-variant-b-turnaround.png,blender\renders\hooded-turnarounds-v3\archer-t5-left.png,"Raster lighting, antialiasing, grid overlap, shadows and VI gold effect separation (3px bright-structure opening may remove narrow bright cloth or steel tips); strict/loose masks are sensitivity bounds, not calibrated confidence intervals. Foreground touches source row crop boundary; reference clipping possible."
archer,archer,5,right,0.6907470440702257,0.97,False,5.111597061157227,14.03566837310791,2.0364928245544434,3.5856573705179287,False,,0.6865380350410291,0.6935847694667509,"[716, 1087, 930, 1347]",output\design\basic-defender-turnarounds-v1\archer-variant-b-turnaround.png,blender\renders\hooded-turnarounds-v3\archer-t5-right.png,"Raster lighting, antialiasing, grid overlap, shadows and VI gold effect separation (3px bright-structure opening may remove narrow bright cloth or steel tips); strict/loose masks are sensitivity bounds, not calibrated confidence intervals. Foreground touches source row crop boundary; reference clipping possible."
archer,archer,6,front,0.6541119798938844,0.97,False,5.726221561431885,18.0,2.202392816543579,-12.307692307692308,False,,0.6534108716091513,0.6541119798938844,"[49, 1349, 272, 1640]",output\design\basic-defender-turnarounds-v1\archer-variant-b-turnaround.png,blender\renders\hooded-turnarounds-v3\archer-t6-front.png,"Raster lighting, antialiasing, grid overlap, shadows and VI gold effect separation (3px bright-structure opening may remove narrow bright cloth or steel tips); strict/loose masks are sensitivity bounds, not calibrated confidence intervals."
archer,archer,6,back,0.6561359489051095,0.97,False,5.470154762268066,17.236553192138672,2.1120288372039795,-3.474903474903475,False,,0.6531759203379601,0.6561359489051095,"[276, 1349, 492, 1640]",output\design\basic-defender-turnarounds-v1\archer-variant-b-turnaround.png,blender\renders\hooded-turnarounds-v3\archer-t6-back.png,"Raster lighting, antialiasing, grid overlap, shadows and VI gold effect separation (3px bright-structure opening may remove narrow bright cloth or steel tips); strict/loose masks are sensitivity bounds, not calibrated confidence intervals."
archer,archer,6,left,0.6390814196242172,0.97,False,6.07952356338501,18.16576385498047,2.3204288482666016,2.6717557251908395,False,,0.6384670097485461,0.6410481078149122,"[496, 1349, 712, 1640]",output\design\basic-defender-turnarounds-v1\archer-variant-b-turnaround.png,blender\renders\hooded-turnarounds-v3\archer-t6-left.png,"Raster lighting, antialiasing, grid overlap, shadows and VI gold effect separation (3px bright-structure opening may remove narrow bright cloth or steel tips); strict/loose masks are sensitivity bounds, not calibrated confidence intervals."
archer,archer,6,right,0.6911021448290507,0.97,False,5.07453727722168,14.820512771606445,1.9592808485031128,0.7722007722007722,False,,0.6885824928720371,0.6959619952494062,"[716, 1349, 930, 1640]",output\design\basic-defender-turnarounds-v1\archer-variant-b-turnaround.png,blender\renders\hooded-turnarounds-v3\archer-t6-right.png,"Raster lighting, antialiasing, grid overlap, shadows and VI gold effect separation (3px bright-structure opening may remove narrow bright cloth or steel tips); strict/loose masks are sensitivity bounds, not calibrated confidence intervals."
druid,druid,1,front,0.7214814814814815,0.97,False,4.1928253173828125,11.180339813232422,1.7113572359085083,-4.8979591836734695,False,,0.7214814814814815,0.7219430485762144,"[48, 89, 271, 334]",output\design\basic-defender-turnarounds-v1\druid-variant-b-turnaround.png,blender\renders\hooded-turnarounds-v3\druid-t1-front.png,"Raster lighting, antialiasing, grid overlap, shadows and VI gold effect separation (3px bright-structure opening may remove narrow bright cloth or steel tips); strict/loose masks are sensitivity bounds, not calibrated confidence intervals. Foreground touches source row crop boundary; reference clipping possible."
druid,druid,1,back,0.7123048668503213,0.97,False,4.802505016326904,11.704699516296387,1.9602062702178955,-8.979591836734693,False,,0.7110988960652284,0.7127097219030109,"[275, 89, 491, 334]",output\design\basic-defender-turnarounds-v1\druid-variant-b-turnaround.png,blender\renders\hooded-turnarounds-v3\druid-t1-back.png,"Raster lighting, antialiasing, grid overlap, shadows and VI gold effect separation (3px bright-structure opening may remove narrow bright cloth or steel tips); strict/loose masks are sensitivity bounds, not calibrated confidence intervals. Foreground touches source row crop boundary; reference clipping possible."
druid,druid,1,left,0.507553975639082,0.97,False,7.903502941131592,18.0,3.225919723510742,-8.16326530612245,False,,0.5067437379576107,0.5078043159438508,"[495, 89, 711, 334]",output\design\basic-defender-turnarounds-v1\druid-variant-b-turnaround.png,blender\renders\hooded-turnarounds-v3\druid-t1-left.png,"Raster lighting, antialiasing, grid overlap, shadows and VI gold effect separation (3px bright-structure opening may remove narrow bright cloth or steel tips); strict/loose masks are sensitivity bounds, not calibrated confidence intervals. Foreground touches source row crop boundary; reference clipping possible."
druid,druid,1,right,0.4603754439370878,0.97,False,8.631369590759277,18.0,3.5666816234588623,-14.049586776859504,False,,0.4603754439370878,0.46182278481012656,"[715, 89, 925, 334]",output\design\basic-defender-turnarounds-v1\druid-variant-b-turnaround.png,blender\renders\hooded-turnarounds-v3\druid-t1-right.png,"Raster lighting, antialiasing, grid overlap, shadows and VI gold effect separation (3px bright-structure opening may remove narrow bright cloth or steel tips); strict/loose masks are sensitivity bounds, not calibrated confidence intervals. Foreground touches source row crop boundary; reference clipping possible."
druid,druid,2,front,0.720754716981132,0.97,False,4.2537431716918945,11.401754379272461,1.7291638851165771,-9.34959349593496,False,,0.7182995469729556,0.722381172127365,"[48, 336, 271, 587]",output\design\basic-defender-turnarounds-v1\druid-variant-b-turnaround.png,blender\renders\hooded-turnarounds-v3\druid-t2-front.png,"Raster lighting, antialiasing, grid overlap, shadows and VI gold effect separation (3px bright-structure opening may remove narrow bright cloth or steel tips); strict/loose masks are sensitivity bounds, not calibrated confidence intervals. Foreground touches source row crop boundary; reference clipping possible."
druid,druid,2,back,0.7001237514364006,0.97,False,5.103879928588867,13.0,2.0747478008270264,-10.16260162601626,False,,0.6986554992285652,0.7013907343431659,"[275, 336, 491, 587]",output\design\basic-defender-turnarounds-v1\druid-variant-b-turnaround.png,blender\renders\hooded-turnarounds-v3\druid-t2-back.png,"Raster lighting, antialiasing, grid overlap, shadows and VI gold effect separation (3px bright-structure opening may remove narrow bright cloth or steel tips); strict/loose masks are sensitivity bounds, not calibrated confidence intervals. Foreground touches source row crop boundary; reference clipping possible."
druid,druid,2,left,0.46401947360413814,0.97,False,8.858680725097656,18.788293838500977,3.69111704826355,-11.25,False,,0.46249559216160396,0.46461460188247267,"[495, 336, 711, 587]",output\design\basic-defender-turnarounds-v1\druid-variant-b-turnaround.png,blender\renders\hooded-turnarounds-v3\druid-t2-left.png,"Raster lighting, antialiasing, grid overlap, shadows and VI gold effect separation (3px bright-structure opening may remove narrow bright cloth or steel tips); strict/loose masks are sensitivity bounds, not calibrated confidence intervals. Foreground touches source row crop boundary; reference clipping possible."
druid,druid,2,right,0.42497158950541036,0.97,False,9.210030555725098,20.2237491607666,3.837512731552124,-15.833333333333332,False,,0.42478446140124865,0.4262836306297428,"[715, 336, 925, 587]",output\design\basic-defender-turnarounds-v1\druid-variant-b-turnaround.png,blender\renders\hooded-turnarounds-v3\druid-t2-right.png,"Raster lighting, antialiasing, grid overlap, shadows and VI gold effect separation (3px bright-structure opening may remove narrow bright cloth or steel tips); strict/loose masks are sensitivity bounds, not calibrated confidence intervals. Foreground touches source row crop boundary; reference clipping possible."
druid,druid,3,front,0.711822549503839,0.97,False,4.036649227142334,10.56368350982666,1.6211442947387695,-9.63855421686747,False,,0.7085117773019272,0.713848094422921,"[48, 589, 271, 843]",output\design\basic-defender-turnarounds-v1\druid-variant-b-turnaround.png,blender\renders\hooded-turnarounds-v3\druid-t3-front.png,"Raster lighting, antialiasing, grid overlap, shadows and VI gold effect separation (3px bright-structure opening may remove narrow bright cloth or steel tips); strict/loose masks are sensitivity bounds, not calibrated confidence intervals. Foreground touches source row crop boundary; reference clipping possible."
druid,druid,3,back,0.6473792265471152,0.97,False,5.493999004364014,14.422204971313477,2.2153220176696777,-11.29032258064516,False,,0.6473684210526316,0.6475599009693257,"[275, 589, 491, 843]",output\design\basic-defender-turnarounds-v1\druid-variant-b-turnaround.png,blender\renders\hooded-turnarounds-v3\druid-t3-back.png,"Raster lighting, antialiasing, grid overlap, shadows and VI gold effect separation (3px bright-structure opening may remove narrow bright cloth or steel tips); strict/loose masks are sensitivity bounds, not calibrated confidence intervals. Foreground touches source row crop boundary; reference clipping possible."
druid,druid,3,left,0.4563584821206545,0.97,False,8.467353820800781,18.439088821411133,3.4280784130096436,-10.526315789473683,False,,0.45366166600868535,0.45781928974576697,"[495, 589, 711, 843]",output\design\basic-defender-turnarounds-v1\druid-variant-b-turnaround.png,blender\renders\hooded-turnarounds-v3\druid-t3-left.png,"Raster lighting, antialiasing, grid overlap, shadows and VI gold effect separation (3px bright-structure opening may remove narrow bright cloth or steel tips); strict/loose masks are sensitivity bounds, not calibrated confidence intervals. Foreground touches source row crop boundary; reference clipping possible."
druid,druid,3,right,0.4059753110139776,0.97,False,9.168853759765625,20.880613327026367,3.7120864391326904,-15.789473684210526,False,,0.4057880290846054,0.4066660281582224,"[715, 589, 925, 843]",output\design\basic-defender-turnarounds-v1\druid-variant-b-turnaround.png,blender\renders\hooded-turnarounds-v3\druid-t3-right.png,"Raster lighting, antialiasing, grid overlap, shadows and VI gold effect separation (3px bright-structure opening may remove narrow bright cloth or steel tips); strict/loose masks are sensitivity bounds, not calibrated confidence intervals. Foreground touches source row crop boundary; reference clipping possible."
druid,druid,4,front,0.643511184947649,0.97,False,6.101853847503662,22.15961456298828,2.4505436420440674,-14.056224899598394,False,,0.603560185005247,0.6484531322148684,"[48, 845, 271, 1102]",output\design\basic-defender-turnarounds-v1\druid-variant-b-turnaround.png,blender\renders\hooded-turnarounds-v3\druid-t4-front.png,"Raster lighting, antialiasing, grid overlap, shadows and VI gold effect separation (3px bright-structure opening may remove narrow bright cloth or steel tips); strict/loose masks are sensitivity bounds, not calibrated confidence intervals. Foreground touches source row crop boundary; reference clipping possible."
druid,druid,4,back,0.5989408716854617,0.97,False,7.173327922821045,26.409271240234375,2.880854606628418,-12.851405622489958,False,,0.4300451572718779,0.6488546765815926,"[275, 845, 491, 1102]",output\design\basic-defender-turnarounds-v1\druid-variant-b-turnaround.png,blender\renders\hooded-turnarounds-v3\druid-t4-back.png,"Raster lighting, antialiasing, grid overlap, shadows and VI gold effect separation (3px bright-structure opening may remove narrow bright cloth or steel tips); strict/loose masks are sensitivity bounds, not calibrated confidence intervals. Foreground touches source row crop boundary; reference clipping possible."
druid,druid,4,left,0.4136775204596901,0.97,False,9.762788772583008,21.189620971679688,3.9366085529327393,-13.709677419354838,False,,0.3917236542170787,0.42464099357453966,"[495, 845, 711, 1102]",output\design\basic-defender-turnarounds-v1\druid-variant-b-turnaround.png,blender\renders\hooded-turnarounds-v3\druid-t4-left.png,"Raster lighting, antialiasing, grid overlap, shadows and VI gold effect separation (3px bright-structure opening may remove narrow bright cloth or steel tips); strict/loose masks are sensitivity bounds, not calibrated confidence intervals. Foreground touches source row crop boundary; reference clipping possible."
druid,druid,4,right,0.37357621440536015,0.97,False,9.901044845581055,25.01999282836914,3.992356777191162,-21.774193548387096,False,,0.35970880097066343,0.38265688807400616,"[715, 845, 925, 1102]",output\design\basic-defender-turnarounds-v1\druid-variant-b-turnaround.png,blender\renders\hooded-turnarounds-v3\druid-t4-right.png,"Raster lighting, antialiasing, grid overlap, shadows and VI gold effect separation (3px bright-structure opening may remove narrow bright cloth or steel tips); strict/loose masks are sensitivity bounds, not calibrated confidence intervals. Foreground touches source row crop boundary; reference clipping possible."
druid,druid,5,front,0.6207409058819158,0.97,False,5.813382148742676,16.124515533447266,2.3068976402282715,-12.698412698412698,False,,0.6207409058819158,0.6211154787510198,"[48, 1104, 271, 1362]",output\design\basic-defender-turnarounds-v1\druid-variant-b-turnaround.png,blender\renders\hooded-turnarounds-v3\druid-t5-front.png,"Raster lighting, antialiasing, grid overlap, shadows and VI gold effect separation (3px bright-structure opening may remove narrow bright cloth or steel tips); strict/loose masks are sensitivity bounds, not calibrated confidence intervals. Foreground touches source row crop boundary; reference clipping possible."
druid,druid,5,back,0.6122085145831848,0.97,False,6.77906608581543,20.880613327026367,2.7008230686187744,-16.334661354581673,False,,0.6112928459678566,0.6126174400743043,"[275, 1104, 491, 1362]",output\design\basic-defender-turnarounds-v1\druid-variant-b-turnaround.png,blender\renders\hooded-turnarounds-v3\druid-t5-back.png,"Raster lighting, antialiasing, grid overlap, shadows and VI gold effect separation (3px bright-structure opening may remove narrow bright cloth or steel tips); strict/loose masks are sensitivity bounds, not calibrated confidence intervals. Foreground touches source row crop boundary; reference clipping possible."
druid,druid,5,left,0.42029047415634346,0.97,False,9.455655097961426,21.02379608154297,3.782261848449707,-16.8,False,,0.41875052979571076,0.42166502082349405,"[495, 1104, 711, 1362]",output\design\basic-defender-turnarounds-v1\druid-variant-b-turnaround.png,blender\renders\hooded-turnarounds-v3\druid-t5-left.png,"Raster lighting, antialiasing, grid overlap, shadows and VI gold effect separation (3px bright-structure opening may remove narrow bright cloth or steel tips); strict/loose masks are sensitivity bounds, not calibrated confidence intervals. Foreground touches source row crop boundary; reference clipping possible."
druid,druid,5,right,0.36027224192036517,0.97,False,10.966695785522461,26.68332862854004,4.386678218841553,-22.400000000000002,False,,0.3594624402597933,0.36071819397722205,"[715, 1104, 925, 1362]",output\design\basic-defender-turnarounds-v1\druid-variant-b-turnaround.png,blender\renders\hooded-turnarounds-v3\druid-t5-right.png,"Raster lighting, antialiasing, grid overlap, shadows and VI gold effect separation (3px bright-structure opening may remove narrow bright cloth or steel tips); strict/loose masks are sensitivity bounds, not calibrated confidence intervals. Foreground touches source row crop boundary; reference clipping possible."
druid,druid,6,front,0.7142857142857143,0.97,False,4.625106334686279,12.083045959472656,1.7788870334625244,-2.6923076923076925,False,,0.7136408844005815,0.7145530939648587,"[48, 1364, 271, 1649]",output\design\basic-defender-turnarounds-v1\druid-variant-b-turnaround.png,blender\renders\hooded-turnarounds-v3\druid-t6-front.png,"Raster lighting, antialiasing, grid overlap, shadows and VI gold effect separation (3px bright-structure opening may remove narrow bright cloth or steel tips); strict/loose masks are sensitivity bounds, not calibrated confidence intervals."
druid,druid,6,back,0.6022394835065066,0.97,False,6.577179908752441,18.59665870666504,2.569211006164551,-16.796875,False,,0.6020898430937741,0.6022394835065066,"[275, 1364, 491, 1649]",output\design\basic-defender-turnarounds-v1\druid-variant-b-turnaround.png,blender\renders\hooded-turnarounds-v3\druid-t6-back.png,"Raster lighting, antialiasing, grid overlap, shadows and VI gold effect separation (3px bright-structure opening may remove narrow bright cloth or steel tips); strict/loose masks are sensitivity bounds, not calibrated confidence intervals."
druid,druid,6,left,0.44919742853677275,0.97,False,9.150763511657715,22.0,3.560608148574829,-18.28793774319066,False,,0.44897217398328015,0.44919742853677275,"[495, 1364, 711, 1649]",output\design\basic-defender-turnarounds-v1\druid-variant-b-turnaround.png,blender\renders\hooded-turnarounds-v3\druid-t6-left.png,"Raster lighting, antialiasing, grid overlap, shadows and VI gold effect separation (3px bright-structure opening may remove narrow bright cloth or steel tips); strict/loose masks are sensitivity bounds, not calibrated confidence intervals."
druid,druid,6,right,0.39478520560532965,0.97,False,10.622467994689941,28.0,4.133255958557129,-25.291828793774318,False,,0.3946490858216106,0.3958078335373317,"[715, 1364, 925, 1649]",output\design\basic-defender-turnarounds-v1\druid-variant-b-turnaround.png,blender\renders\hooded-turnarounds-v3\druid-t6-right.png,"Raster lighting, antialiasing, grid overlap, shadows and VI gold effect separation (3px bright-structure opening may remove narrow bright cloth or steel tips); strict/loose masks are sensitivity bounds, not calibrated confidence intervals."
mage,mage,1,front,0.7085998578535891,0.97,False,4.803345203399658,15.177201271057129,1.9766852855682373,-7.4074074074074066,False,,0.7083459634232596,0.7085998578535891,"[50, 83, 271, 336]",output\design\basic-defender-turnarounds-v1\mage-variant-b-turnaround.png,blender\renders\hooded-turnarounds-v3\mage-t1-front.png,"Raster lighting, antialiasing, grid overlap, shadows and VI gold effect separation (3px bright-structure opening may remove narrow bright cloth or steel tips); strict/loose masks are sensitivity bounds, not calibrated confidence intervals. Foreground touches source row crop boundary; reference clipping possible."
mage,mage,1,back,0.7244414701945846,0.97,False,4.111538410186768,12.083045959472656,1.6919910907745361,-5.761316872427984,False,,0.7241786447638604,0.7250554323725056,"[275, 83, 490, 336]",output\design\basic-defender-turnarounds-v1\mage-variant-b-turnaround.png,blender\renders\hooded-turnarounds-v3\mage-t1-back.png,"Raster lighting, antialiasing, grid overlap, shadows and VI gold effect separation (3px bright-structure opening may remove narrow bright cloth or steel tips); strict/loose masks are sensitivity bounds, not calibrated confidence intervals. Foreground touches source row crop boundary; reference clipping possible."
mage,mage,1,left,0.6480754621423145,0.97,False,4.678205490112305,11.401754379272461,1.9574081897735596,-7.531380753138076,False,,0.6464805595815741,0.6486006219458018,"[494, 83, 709, 336]",output\design\basic-defender-turnarounds-v1\mage-variant-b-turnaround.png,blender\renders\hooded-turnarounds-v3\mage-t1-left.png,"Raster lighting, antialiasing, grid overlap, shadows and VI gold effect separation (3px bright-structure opening may remove narrow bright cloth or steel tips); strict/loose masks are sensitivity bounds, not calibrated confidence intervals."
mage,mage,1,right,0.6354605469977994,0.97,False,4.785895824432373,11.180339813232422,2.002466917037964,-8.786610878661087,False,,0.6339140243138238,0.6358254078226365,"[713, 83, 912, 336]",output\design\basic-defender-turnarounds-v1\mage-variant-b-turnaround.png,blender\renders\hooded-turnarounds-v3\mage-t1-right.png,"Raster lighting, antialiasing, grid overlap, shadows and VI gold effect separation (3px bright-structure opening may remove narrow bright cloth or steel tips); strict/loose masks are sensitivity bounds, not calibrated confidence intervals."
mage,mage,2,front,0.6446411195032667,0.97,False,5.7434515953063965,16.155494689941406,2.3931047916412354,-9.583333333333334,False,,0.6426366944585195,0.645359100622503,"[50, 338, 271, 593]",output\design\basic-defender-turnarounds-v1\mage-variant-b-turnaround.png,blender\renders\hooded-turnarounds-v3\mage-t2-front.png,"Raster lighting, antialiasing, grid overlap, shadows and VI gold effect separation (3px bright-structure opening may remove narrow bright cloth or steel tips); strict/loose masks are sensitivity bounds, not calibrated confidence intervals."
mage,mage,2,back,0.6655685240963856,0.97,False,5.528603553771973,16.155494689941406,2.3035848140716553,-9.166666666666666,False,,0.6644156818608141,0.6666037379648858,"[275, 338, 490, 593]",output\design\basic-defender-turnarounds-v1\mage-variant-b-turnaround.png,blender\renders\hooded-turnarounds-v3\mage-t2-back.png,"Raster lighting, antialiasing, grid overlap, shadows and VI gold effect separation (3px bright-structure opening may remove narrow bright cloth or steel tips); strict/loose masks are sensitivity bounds, not calibrated confidence intervals."
mage,mage,2,left,0.6037702503681885,0.97,False,5.543352127075195,16.0,2.31939435005188,-12.552301255230125,False,,0.6027709575587513,0.603912992079442,"[494, 338, 709, 593]",output\design\basic-defender-turnarounds-v1\mage-variant-b-turnaround.png,blender\renders\hooded-turnarounds-v3\mage-t2-left.png,"Raster lighting, antialiasing, grid overlap, shadows and VI gold effect separation (3px bright-structure opening may remove narrow bright cloth or steel tips); strict/loose masks are sensitivity bounds, not calibrated confidence intervals."
mage,mage,2,right,0.6084233132494183,0.97,False,5.521477699279785,16.0,2.3006157875061035,-12.916666666666668,False,,0.6059977478812304,0.6094161282603494,"[713, 338, 912, 593]",output\design\basic-defender-turnarounds-v1\mage-variant-b-turnaround.png,blender\renders\hooded-turnarounds-v3\mage-t2-right.png,"Raster lighting, antialiasing, grid overlap, shadows and VI gold effect separation (3px bright-structure opening may remove narrow bright cloth or steel tips); strict/loose masks are sensitivity bounds, not calibrated confidence intervals."
mage,mage,3,front,0.6787400910777535,0.97,False,5.57786226272583,17.72004508972168,2.2222557067871094,-7.968127490039841,False,,0.6763819095477387,0.679355411749778,"[50, 595, 271, 856]",output\design\basic-defender-turnarounds-v1\mage-variant-b-turnaround.png,blender\renders\hooded-turnarounds-v3\mage-t3-front.png,"Raster lighting, antialiasing, grid overlap, shadows and VI gold effect separation (3px bright-structure opening may remove narrow bright cloth or steel tips); strict/loose masks are sensitivity bounds, not calibrated confidence intervals. Foreground touches source row crop boundary; reference clipping possible."
mage,mage,3,back,0.6846931377148463,0.97,False,5.882745742797852,19.235383987426758,2.3437232971191406,-7.968127490039841,False,,0.6829092144950932,0.6851820201674927,"[275, 595, 490, 856]",output\design\basic-defender-turnarounds-v1\mage-variant-b-turnaround.png,blender\renders\hooded-turnarounds-v3\mage-t3-back.png,"Raster lighting, antialiasing, grid overlap, shadows and VI gold effect separation (3px bright-structure opening may remove narrow bright cloth or steel tips); strict/loose masks are sensitivity bounds, not calibrated confidence intervals. Foreground touches source row crop boundary; reference clipping possible."
mage,mage,3,left,0.6308316430020284,0.97,False,5.000137805938721,15.620499610900879,1.99208664894104,-12.350597609561753,False,,0.6303712974551523,0.6308316430020284,"[494, 595, 709, 856]",output\design\basic-defender-turnarounds-v1\mage-variant-b-turnaround.png,blender\renders\hooded-turnarounds-v3\mage-t3-left.png,"Raster lighting, antialiasing, grid overlap, shadows and VI gold effect separation (3px bright-structure opening may remove narrow bright cloth or steel tips); strict/loose masks are sensitivity bounds, not calibrated confidence intervals. Foreground touches source row crop boundary; reference clipping possible."
mage,mage,3,right,0.6304957904583723,0.97,False,5.2397260665893555,16.031219482421875,2.0875401496887207,-13.147410358565736,False,,0.6298724954462659,0.6305451907131011,"[713, 595, 912, 856]",output\design\basic-defender-turnarounds-v1\mage-variant-b-turnaround.png,blender\renders\hooded-turnarounds-v3\mage-t3-right.png,"Raster lighting, antialiasing, grid overlap, shadows and VI gold effect separation (3px bright-structure opening may remove narrow bright cloth or steel tips); strict/loose masks are sensitivity bounds, not calibrated confidence intervals. Foreground touches source row crop boundary; reference clipping possible."
mage,mage,4,front,0.634552049026556,0.97,False,6.569412708282471,19.764835357666016,2.648956775665283,-3.6290322580645165,False,,0.6219675422452735,0.6346441015430563,"[50, 858, 271, 1114]",output\design\basic-defender-turnarounds-v1\mage-variant-b-turnaround.png,blender\renders\hooded-turnarounds-v3\mage-t4-front.png,"Raster lighting, antialiasing, grid overlap, shadows and VI gold effect separation (3px bright-structure opening may remove narrow bright cloth or steel tips); strict/loose masks are sensitivity bounds, not calibrated confidence intervals. Foreground touches source row crop boundary; reference clipping possible."
mage,mage,4,back,0.6068197924048522,0.97,False,7.317170143127441,22.0,2.962416887283325,-4.048582995951417,False,,0.5978233570531604,0.6105547475586952,"[275, 858, 490, 1114]",output\design\basic-defender-turnarounds-v1\mage-variant-b-turnaround.png,blender\renders\hooded-turnarounds-v3\mage-t4-back.png,"Raster lighting, antialiasing, grid overlap, shadows and VI gold effect separation (3px bright-structure opening may remove narrow bright cloth or steel tips); strict/loose masks are sensitivity bounds, not calibrated confidence intervals. Foreground touches source row crop boundary; reference clipping possible."
mage,mage,4,left,0.6203425559947299,0.97,False,5.137391090393066,16.0,2.071528673171997,-12.096774193548388,False,,0.6189306433909998,0.6203425559947299,"[494, 858, 709, 1114]",output\design\basic-defender-turnarounds-v1\mage-variant-b-turnaround.png,blender\renders\hooded-turnarounds-v3\mage-t4-left.png,"Raster lighting, antialiasing, grid overlap, shadows and VI gold effect separation (3px bright-structure opening may remove narrow bright cloth or steel tips); strict/loose masks are sensitivity bounds, not calibrated confidence intervals. Foreground touches source row crop boundary; reference clipping possible."
mage,mage,4,right,0.6184873949579832,0.97,False,5.273385524749756,16.49846649169922,2.1263651847839355,-12.903225806451612,False,,0.6170891037366083,0.6192461993243243,"[713, 858, 912, 1114]",output\design\basic-defender-turnarounds-v1\mage-variant-b-turnaround.png,blender\renders\hooded-turnarounds-v3\mage-t4-right.png,"Raster lighting, antialiasing, grid overlap, shadows and VI gold effect separation (3px bright-structure opening may remove narrow bright cloth or steel tips); strict/loose masks are sensitivity bounds, not calibrated confidence intervals. Foreground touches source row crop boundary; reference clipping possible."
mage,mage,5,front,0.6353795004865391,0.97,False,7.4110870361328125,24.0,3.0249335765838623,-6.122448979591836,False,,0.6348071875630931,0.6353795004865391,"[50, 1116, 271, 1371]",output\design\basic-defender-turnarounds-v1\mage-variant-b-turnaround.png,blender\renders\hooded-turnarounds-v3\mage-t5-front.png,"Raster lighting, antialiasing, grid overlap, shadows and VI gold effect separation (3px bright-structure opening may remove narrow bright cloth or steel tips); strict/loose masks are sensitivity bounds, not calibrated confidence intervals. Foreground touches source row crop boundary; reference clipping possible."
mage,mage,5,back,0.634012129975499,0.97,False,7.206902980804443,22.12237548828125,2.9415929317474365,-6.530612244897959,False,,0.6337410477186771,0.6344103263048184,"[275, 1116, 490, 1371]",output\design\basic-defender-turnarounds-v1\mage-variant-b-turnaround.png,blender\renders\hooded-turnarounds-v3\mage-t5-back.png,"Raster lighting, antialiasing, grid overlap, shadows and VI gold effect separation (3px bright-structure opening may remove narrow bright cloth or steel tips); strict/loose masks are sensitivity bounds, not calibrated confidence intervals. Foreground touches source row crop boundary; reference clipping possible."
mage,mage,5,left,0.6052155705719996,0.97,False,6.2716827392578125,17.0,2.559870481491089,-11.020408163265307,False,,0.6033472012102874,0.6064210978930773,"[494, 1116, 709, 1371]",output\design\basic-defender-turnarounds-v1\mage-variant-b-turnaround.png,blender\renders\hooded-turnarounds-v3\mage-t5-left.png,"Raster lighting, antialiasing, grid overlap, shadows and VI gold effect separation (3px bright-structure opening may remove narrow bright cloth or steel tips); strict/loose masks are sensitivity bounds, not calibrated confidence intervals. Foreground touches source row crop boundary; reference clipping possible."
mage,mage,5,right,0.5855348837209302,0.97,False,6.780209541320801,18.0,2.767432451248169,-11.428571428571429,False,,0.5850580046403713,0.5855348837209302,"[713, 1116, 912, 1371]",output\design\basic-defender-turnarounds-v1\mage-variant-b-turnaround.png,blender\renders\hooded-turnarounds-v3\mage-t5-right.png,"Raster lighting, antialiasing, grid overlap, shadows and VI gold effect separation (3px bright-structure opening may remove narrow bright cloth or steel tips); strict/loose masks are sensitivity bounds, not calibrated confidence intervals. Foreground touches source row crop boundary; reference clipping possible."
mage,mage,6,front,0.6007220479906644,0.97,False,7.9833502769470215,21.561525344848633,3.0823745727539062,0.0,False,,0.6006576543660943,0.6011442731678874,"[50, 1373, 271, 1649]",output\design\basic-defender-turnarounds-v1\mage-variant-b-turnaround.png,blender\renders\hooded-turnarounds-v3\mage-t6-front.png,"Raster lighting, antialiasing, grid overlap, shadows and VI gold effect separation (3px bright-structure opening may remove narrow bright cloth or steel tips); strict/loose masks are sensitivity bounds, not calibrated confidence intervals."
mage,mage,6,back,0.6203206519669446,0.97,False,6.637354373931885,21.470911026000977,2.6131317615509033,-3.149606299212598,False,,0.6202921707372746,0.6207606912600618,"[275, 1373, 490, 1649]",output\design\basic-defender-turnarounds-v1\mage-variant-b-turnaround.png,blender\renders\hooded-turnarounds-v3\mage-t6-back.png,"Raster lighting, antialiasing, grid overlap, shadows and VI gold effect separation (3px bright-structure opening may remove narrow bright cloth or steel tips); strict/loose masks are sensitivity bounds, not calibrated confidence intervals."
mage,mage,6,left,0.6249539255436786,0.97,False,5.795991897583008,14.142135620117188,2.2729380130767822,-7.0588235294117645,False,,0.6223472965491789,0.6257369196757553,"[494, 1373, 709, 1649]",output\design\basic-defender-turnarounds-v1\mage-variant-b-turnaround.png,blender\renders\hooded-turnarounds-v3\mage-t6-left.png,"Raster lighting, antialiasing, grid overlap, shadows and VI gold effect separation (3px bright-structure opening may remove narrow bright cloth or steel tips); strict/loose masks are sensitivity bounds, not calibrated confidence intervals."
mage,mage,6,right,0.6290625716250287,0.97,False,5.627052307128906,13.601470947265625,2.2066872119903564,-7.8431372549019605,False,,0.6282239559430932,0.62974335472044,"[713, 1373, 912, 1649]",output\design\basic-defender-turnarounds-v1\mage-variant-b-turnaround.png,blender\renders\hooded-turnarounds-v3\mage-t6-right.png,"Raster lighting, antialiasing, grid overlap, shadows and VI gold effect separation (3px bright-structure opening may remove narrow bright cloth or steel tips); strict/loose masks are sensitivity bounds, not calibrated confidence intervals."
cleric,cleric,1,front,0.771585279547063,0.97,False,4.016356468200684,12.153120040893555,1.673481822013855,-3.75,False,,0.7704513399153737,0.771585279547063,"[63, 79, 271, 334]",output\design\basic-defender-turnarounds-v1\cleric-variant-b-turnaround.png,blender\renders\hooded-turnarounds-v3\cleric-t1-front.png,"Raster lighting, antialiasing, grid overlap, shadows and VI gold effect separation (3px bright-structure opening may remove narrow bright cloth or steel tips); strict/loose masks are sensitivity bounds, not calibrated confidence intervals."
cleric,cleric,1,back,0.7332210302331768,0.97,False,6.818670749664307,26.14379119873047,2.864987850189209,-5.46218487394958,False,,0.7306794662908979,0.7349172450613988,"[275, 79, 491, 334]",output\design\basic-defender-turnarounds-v1\cleric-variant-b-turnaround.png,blender\renders\hooded-turnarounds-v3\cleric-t1-back.png,"Raster lighting, antialiasing, grid overlap, shadows and VI gold effect separation (3px bright-structure opening may remove narrow bright cloth or steel tips); strict/loose masks are sensitivity bounds, not calibrated confidence intervals."
cleric,cleric,1,left,0.6318955847863771,0.97,False,6.106249809265137,16.124515533447266,2.576476812362671,-10.548523206751055,False,,0.6314348024547345,0.6328964881744651,"[495, 79, 711, 334]",output\design\basic-defender-turnarounds-v1\cleric-variant-b-turnaround.png,blender\renders\hooded-turnarounds-v3\cleric-t1-left.png,"Raster lighting, antialiasing, grid overlap, shadows and VI gold effect separation (3px bright-structure opening may remove narrow bright cloth or steel tips); strict/loose masks are sensitivity bounds, not calibrated confidence intervals."
cleric,cleric,1,right,0.6668263090676884,0.97,False,4.493816375732422,14.0,1.896125078201294,-10.970464135021098,False,,0.6627784228860973,0.6684294871794871,"[715, 79, 912, 334]",output\design\basic-defender-turnarounds-v1\cleric-variant-b-turnaround.png,blender\renders\hooded-turnarounds-v3\cleric-t1-right.png,"Raster lighting, antialiasing, grid overlap, shadows and VI gold effect separation (3px bright-structure opening may remove narrow bright cloth or steel tips); strict/loose masks are sensitivity bounds, not calibrated confidence intervals."
cleric,cleric,2,front,0.7596252053821217,0.97,False,4.727198600769043,17.02056884765625,1.861101746559143,-5.905511811023622,False,,0.7267535248973764,0.7596252053821217,"[63, 336, 271, 595]",output\design\basic-defender-turnarounds-v1\cleric-variant-b-turnaround.png,blender\renders\hooded-turnarounds-v3\cleric-t2-front.png,"Raster lighting, antialiasing, grid overlap, shadows and VI gold effect separation (3px bright-structure opening may remove narrow bright cloth or steel tips); strict/loose masks are sensitivity bounds, not calibrated confidence intervals. Foreground touches source row crop boundary; reference clipping possible."
cleric,cleric,2,back,0.7286609240407205,0.97,False,6.724209785461426,25.197175979614258,2.647326707839966,-7.874015748031496,False,,0.72675662692694,0.7294117647058823,"[275, 336, 491, 595]",output\design\basic-defender-turnarounds-v1\cleric-variant-b-turnaround.png,blender\renders\hooded-turnarounds-v3\cleric-t2-back.png,"Raster lighting, antialiasing, grid overlap, shadows and VI gold effect separation (3px bright-structure opening may remove narrow bright cloth or steel tips); strict/loose masks are sensitivity bounds, not calibrated confidence intervals. Foreground touches source row crop boundary; reference clipping possible."
cleric,cleric,2,left,0.6433840841312196,0.97,False,5.264797687530518,14.548088073730469,2.0727550983428955,-11.023622047244094,False,,0.6433399188936259,0.6440998685939553,"[495, 336, 711, 595]",output\design\basic-defender-turnarounds-v1\cleric-variant-b-turnaround.png,blender\renders\hooded-turnarounds-v3\cleric-t2-left.png,"Raster lighting, antialiasing, grid overlap, shadows and VI gold effect separation (3px bright-structure opening may remove narrow bright cloth or steel tips); strict/loose masks are sensitivity bounds, not calibrated confidence intervals. Foreground touches source row crop boundary; reference clipping possible."
cleric,cleric,2,right,0.6490480698432733,0.97,False,5.191091060638428,13.960610389709473,2.043736696243286,-11.811023622047244,False,,0.6488412606239772,0.6492764261744967,"[715, 336, 912, 595]",output\design\basic-defender-turnarounds-v1\cleric-variant-b-turnaround.png,blender\renders\hooded-turnarounds-v3\cleric-t2-right.png,"Raster lighting, antialiasing, grid overlap, shadows and VI gold effect separation (3px bright-structure opening may remove narrow bright cloth or steel tips); strict/loose masks are sensitivity bounds, not calibrated confidence intervals. Foreground touches source row crop boundary; reference clipping possible."
cleric,cleric,3,front,0.7069645767218458,0.97,False,6.430729866027832,25.064903259277344,2.5317835807800293,-8.267716535433072,False,,0.6679843595582864,0.7182228659056057,"[63, 597, 271, 865]",output\design\basic-defender-turnarounds-v1\cleric-variant-b-turnaround.png,blender\renders\hooded-turnarounds-v3\cleric-t3-front.png,"Raster lighting, antialiasing, grid overlap, shadows and VI gold effect separation (3px bright-structure opening may remove narrow bright cloth or steel tips); strict/loose masks are sensitivity bounds, not calibrated confidence intervals."
cleric,cleric,3,back,0.7007724452323667,0.97,False,6.562381744384766,24.73863410949707,2.5734829902648926,-8.235294117647058,False,,0.6994482173174873,0.702706104468219,"[275, 597, 491, 865]",output\design\basic-defender-turnarounds-v1\cleric-variant-b-turnaround.png,blender\renders\hooded-turnarounds-v3\cleric-t3-back.png,"Raster lighting, antialiasing, grid overlap, shadows and VI gold effect separation (3px bright-structure opening may remove narrow bright cloth or steel tips); strict/loose masks are sensitivity bounds, not calibrated confidence intervals."
cleric,cleric,3,left,0.6491263817431613,0.97,False,5.082886219024658,14.142135620117188,1.9777767658233643,-11.673151750972762,False,,0.6483143219264892,0.6502145922746781,"[495, 597, 711, 865]",output\design\basic-defender-turnarounds-v1\cleric-variant-b-turnaround.png,blender\renders\hooded-turnarounds-v3\cleric-t3-left.png,"Raster lighting, antialiasing, grid overlap, shadows and VI gold effect separation (3px bright-structure opening may remove narrow bright cloth or steel tips); strict/loose masks are sensitivity bounds, not calibrated confidence intervals."
cleric,cleric,3,right,0.6610605359255259,0.97,False,4.793773651123047,13.036482810974121,1.872567892074585,-12.5,False,,0.6598740463877938,0.6610605359255259,"[715, 597, 912, 865]",output\design\basic-defender-turnarounds-v1\cleric-variant-b-turnaround.png,blender\renders\hooded-turnarounds-v3\cleric-t3-right.png,"Raster lighting, antialiasing, grid overlap, shadows and VI gold effect separation (3px bright-structure opening may remove narrow bright cloth or steel tips); strict/loose masks are sensitivity bounds, not calibrated confidence intervals."
cleric,cleric,4,front,0.6739793053661667,0.97,False,6.1957221031188965,17.70168685913086,2.439260721206665,-5.905511811023622,False,,0.6630023355077717,0.6739793053661667,"[63, 867, 271, 1128]",output\design\basic-defender-turnarounds-v1\cleric-variant-b-turnaround.png,blender\renders\hooded-turnarounds-v3\cleric-t4-front.png,"Raster lighting, antialiasing, grid overlap, shadows and VI gold effect separation (3px bright-structure opening may remove narrow bright cloth or steel tips); strict/loose masks are sensitivity bounds, not calibrated confidence intervals. Foreground touches source row crop boundary; reference clipping possible."
cleric,cleric,4,back,0.649290623367228,0.97,False,6.930456638336182,23.34523582458496,2.7285263538360596,-5.905511811023622,False,,0.6007676767676767,0.6560105363984674,"[275, 867, 491, 1128]",output\design\basic-defender-turnarounds-v1\cleric-variant-b-turnaround.png,blender\renders\hooded-turnarounds-v3\cleric-t4-back.png,"Raster lighting, antialiasing, grid overlap, shadows and VI gold effect separation (3px bright-structure opening may remove narrow bright cloth or steel tips); strict/loose masks are sensitivity bounds, not calibrated confidence intervals. Foreground touches source row crop boundary; reference clipping possible."
cleric,cleric,4,left,0.621438128747708,0.97,False,5.704092979431152,14.142135620117188,2.2457058429718018,-12.992125984251967,False,,0.611205263682584,0.6222890378548895,"[495, 867, 711, 1128]",output\design\basic-defender-turnarounds-v1\cleric-variant-b-turnaround.png,blender\renders\hooded-turnarounds-v3\cleric-t4-left.png,"Raster lighting, antialiasing, grid overlap, shadows and VI gold effect separation (3px bright-structure opening may remove narrow bright cloth or steel tips); strict/loose masks are sensitivity bounds, not calibrated confidence intervals. Foreground touches source row crop boundary; reference clipping possible."
cleric,cleric,4,right,0.6402448201474941,0.97,False,5.389501094818115,14.317821502685547,2.1218509674072266,-14.960629921259844,False,,0.617287059890193,0.6407194604046965,"[715, 867, 912, 1128]",output\design\basic-defender-turnarounds-v1\cleric-variant-b-turnaround.png,blender\renders\hooded-turnarounds-v3\cleric-t4-right.png,"Raster lighting, antialiasing, grid overlap, shadows and VI gold effect separation (3px bright-structure opening may remove narrow bright cloth or steel tips); strict/loose masks are sensitivity bounds, not calibrated confidence intervals. Foreground touches source row crop boundary; reference clipping possible."
cleric,cleric,5,front,0.6630384792273494,0.97,False,6.462769508361816,18.22079086303711,2.5146963596343994,-7.392996108949417,False,,0.6595834614202275,0.6654453858484085,"[63, 1130, 271, 1393]",output\design\basic-defender-turnarounds-v1\cleric-variant-b-turnaround.png,blender\renders\hooded-turnarounds-v3\cleric-t5-front.png,"Raster lighting, antialiasing, grid overlap, shadows and VI gold effect separation (3px bright-structure opening may remove narrow bright cloth or steel tips); strict/loose masks are sensitivity bounds, not calibrated confidence intervals. Foreground touches source row crop boundary; reference clipping possible."
cleric,cleric,5,back,0.669704224264422,0.97,False,7.209071636199951,26.110288619995117,2.805086135864258,-8.949416342412452,False,,0.6647029184915313,0.669704224264422,"[275, 1130, 491, 1393]",output\design\basic-defender-turnarounds-v1\cleric-variant-b-turnaround.png,blender\renders\hooded-turnarounds-v3\cleric-t5-back.png,"Raster lighting, antialiasing, grid overlap, shadows and VI gold effect separation (3px bright-structure opening may remove narrow bright cloth or steel tips); strict/loose masks are sensitivity bounds, not calibrated confidence intervals. Foreground touches source row crop boundary; reference clipping possible."
cleric,cleric,5,left,0.6749698867742713,0.97,False,5.2176594734191895,13.0,2.0302176475524902,-7.782101167315175,False,,0.6718839747271683,0.676621490803485,"[495, 1130, 711, 1393]",output\design\basic-defender-turnarounds-v1\cleric-variant-b-turnaround.png,blender\renders\hooded-turnarounds-v3\cleric-t5-left.png,"Raster lighting, antialiasing, grid overlap, shadows and VI gold effect separation (3px bright-structure opening may remove narrow bright cloth or steel tips); strict/loose masks are sensitivity bounds, not calibrated confidence intervals. Foreground touches source row crop boundary; reference clipping possible."
cleric,cleric,5,right,0.6074567490054584,0.97,False,6.36264181137085,16.552946090698242,2.475736141204834,-9.72762645914397,False,,0.6072745712705144,0.6086007523336274,"[715, 1130, 912, 1393]",output\design\basic-defender-turnarounds-v1\cleric-variant-b-turnaround.png,blender\renders\hooded-turnarounds-v3\cleric-t5-right.png,"Raster lighting, antialiasing, grid overlap, shadows and VI gold effect separation (3px bright-structure opening may remove narrow bright cloth or steel tips); strict/loose masks are sensitivity bounds, not calibrated confidence intervals. Foreground touches source row crop boundary; reference clipping possible."
cleric,cleric,6,front,0.5613169973068315,0.97,False,8.013668060302734,21.0,3.1674578189849854,-2.371541501976284,False,,0.5167174409748667,0.5760396564120028,"[63, 1395, 271, 1654]",output\design\basic-defender-turnarounds-v1\cleric-variant-b-turnaround.png,blender\renders\hooded-turnarounds-v3\cleric-t6-front.png,"Raster lighting, antialiasing, grid overlap, shadows and VI gold effect separation (3px bright-structure opening may remove narrow bright cloth or steel tips); strict/loose masks are sensitivity bounds, not calibrated confidence intervals."
cleric,cleric,6,back,0.5967859751643535,0.97,False,7.8718037605285645,26.925823211669922,3.111384868621826,-6.324110671936759,False,,0.5953096118299446,0.5967859751643535,"[275, 1395, 491, 1654]",output\design\basic-defender-turnarounds-v1\cleric-variant-b-turnaround.png,blender\renders\hooded-turnarounds-v3\cleric-t6-back.png,"Raster lighting, antialiasing, grid overlap, shadows and VI gold effect separation (3px bright-structure opening may remove narrow bright cloth or steel tips); strict/loose masks are sensitivity bounds, not calibrated confidence intervals."
cleric,cleric,6,left,0.6616159073747797,0.97,False,4.924745559692383,11.440751075744629,1.9465397596359253,-7.5098814229249005,False,,0.6599112724339584,0.6620030196275792,"[495, 1395, 711, 1654]",output\design\basic-defender-turnarounds-v1\cleric-variant-b-turnaround.png,blender\renders\hooded-turnarounds-v3\cleric-t6-left.png,"Raster lighting, antialiasing, grid overlap, shadows and VI gold effect separation (3px bright-structure opening may remove narrow bright cloth or steel tips); strict/loose masks are sensitivity bounds, not calibrated confidence intervals."
cleric,cleric,6,right,0.5307660108832147,0.97,False,7.628326416015625,16.0,2.9798150062561035,-9.375,False,,0.5288170339654289,0.5307981962716749,"[715, 1395, 912, 1654]",output\design\basic-defender-turnarounds-v1\cleric-variant-b-turnaround.png,blender\renders\hooded-turnarounds-v3\cleric-t6-right.png,"Raster lighting, antialiasing, grid overlap, shadows and VI gold effect separation (3px bright-structure opening may remove narrow bright cloth or steel tips); strict/loose masks are sensitivity bounds, not calibrated confidence intervals. Foreground touches source row crop boundary; reference clipping possible."
runebreaker,engineer,1,front,0.6311847480708125,0.97,False,8.069215774536133,19.72308349609375,3.554720401763916,3.524229074889868,False,,0.6302653275371009,0.6316510618862754,"[49, 93, 271, 332]",output\design\basic-defender-turnarounds-v1\engineer-variant-b-turnaround.png,blender\renders\hooded-turnarounds-v3\runebreaker-t1-front.png,"Raster lighting, antialiasing, grid overlap, shadows and VI gold effect separation (3px bright-structure opening may remove narrow bright cloth or steel tips); strict/loose masks are sensitivity bounds, not calibrated confidence intervals."
runebreaker,engineer,1,back,0.6112578665216378,0.97,False,8.083381652832031,19.0,3.5767176151275635,7.52212389380531,False,,0.6108211280772826,0.6125854676092247,"[275, 93, 491, 332]",output\design\basic-defender-turnarounds-v1\engineer-variant-b-turnaround.png,blender\renders\hooded-turnarounds-v3\runebreaker-t1-back.png,"Raster lighting, antialiasing, grid overlap, shadows and VI gold effect separation (3px bright-structure opening may remove narrow bright cloth or steel tips); strict/loose masks are sensitivity bounds, not calibrated confidence intervals."
runebreaker,engineer,1,left,0.5682391456018892,0.97,False,9.605457305908203,29.690692901611328,4.269092082977295,-4.0,False,,0.5665247472059606,0.5682391456018892,"[495, 93, 711, 332]",output\design\basic-defender-turnarounds-v1\engineer-variant-b-turnaround.png,blender\renders\hooded-turnarounds-v3\runebreaker-t1-left.png,"Raster lighting, antialiasing, grid overlap, shadows and VI gold effect separation (3px bright-structure opening may remove narrow bright cloth or steel tips); strict/loose masks are sensitivity bounds, not calibrated confidence intervals."
runebreaker,engineer,1,right,0.6058608464436074,0.97,False,8.207993507385254,23.838821411132812,3.6318554878234863,-6.1946902654867255,False,,0.6024902638363228,0.6072822571651612,"[715, 93, 912, 332]",output\design\basic-defender-turnarounds-v1\engineer-variant-b-turnaround.png,blender\renders\hooded-turnarounds-v3\runebreaker-t1-right.png,"Raster lighting, antialiasing, grid overlap, shadows and VI gold effect separation (3px bright-structure opening may remove narrow bright cloth or steel tips); strict/loose masks are sensitivity bounds, not calibrated confidence intervals."
runebreaker,engineer,2,front,0.6377634312852478,0.97,False,8.154621124267578,20.0,3.5609700679779053,2.6200873362445414,False,,0.6367901694284118,0.6377634312852478,"[49, 334, 271, 579]",output\design\basic-defender-turnarounds-v1\engineer-variant-b-turnaround.png,blender\renders\hooded-turnarounds-v3\runebreaker-t2-front.png,"Raster lighting, antialiasing, grid overlap, shadows and VI gold effect separation (3px bright-structure opening may remove narrow bright cloth or steel tips); strict/loose masks are sensitivity bounds, not calibrated confidence intervals."
runebreaker,engineer,2,back,0.6357443551473402,0.97,False,7.727031230926514,17.8885440826416,3.3742494583129883,6.11353711790393,False,,0.6322134462038471,0.6374754060414336,"[275, 334, 491, 579]",output\design\basic-defender-turnarounds-v1\engineer-variant-b-turnaround.png,blender\renders\hooded-turnarounds-v3\runebreaker-t2-back.png,"Raster lighting, antialiasing, grid overlap, shadows and VI gold effect separation (3px bright-structure opening may remove narrow bright cloth or steel tips); strict/loose masks are sensitivity bounds, not calibrated confidence intervals."
runebreaker,engineer,2,left,0.5849824490003561,0.97,False,10.430792808532715,32.0,4.574909210205078,-6.578947368421052,False,,0.5837663320385411,0.5849824490003561,"[495, 334, 711, 579]",output\design\basic-defender-turnarounds-v1\engineer-variant-b-turnaround.png,blender\renders\hooded-turnarounds-v3\runebreaker-t2-left.png,"Raster lighting, antialiasing, grid overlap, shadows and VI gold effect separation (3px bright-structure opening may remove narrow bright cloth or steel tips); strict/loose masks are sensitivity bounds, not calibrated confidence intervals."
runebreaker,engineer,2,right,0.6015903340734239,0.97,False,9.773895263671875,29.068883895874023,4.268076419830322,-8.296943231441048,False,,0.5985251945923802,0.6042164295357774,"[715, 334, 912, 579]",output\design\basic-defender-turnarounds-v1\engineer-variant-b-turnaround.png,blender\renders\hooded-turnarounds-v3\runebreaker-t2-right.png,"Raster lighting, antialiasing, grid overlap, shadows and VI gold effect separation (3px bright-structure opening may remove narrow bright cloth or steel tips); strict/loose masks are sensitivity bounds, not calibrated confidence intervals."
runebreaker,engineer,3,front,0.6241152498748839,0.97,False,8.665059089660645,21.02379608154297,3.7349390983581543,3.0172413793103448,False,,0.6215794143744454,0.6248743718592965,"[49, 581, 271, 828]",output\design\basic-defender-turnarounds-v1\engineer-variant-b-turnaround.png,blender\renders\hooded-turnarounds-v3\runebreaker-t3-front.png,"Raster lighting, antialiasing, grid overlap, shadows and VI gold effect separation (3px bright-structure opening may remove narrow bright cloth or steel tips); strict/loose masks are sensitivity bounds, not calibrated confidence intervals."
runebreaker,engineer,3,back,0.6214164305949008,0.97,False,8.156599044799805,19.364849090576172,3.5463473796844482,6.956521739130435,False,,0.6193690277567117,0.6214164305949008,"[275, 581, 491, 828]",output\design\basic-defender-turnarounds-v1\engineer-variant-b-turnaround.png,blender\renders\hooded-turnarounds-v3\runebreaker-t3-back.png,"Raster lighting, antialiasing, grid overlap, shadows and VI gold effect separation (3px bright-structure opening may remove narrow bright cloth or steel tips); strict/loose masks are sensitivity bounds, not calibrated confidence intervals."
runebreaker,engineer,3,left,0.5866791930379747,0.97,False,10.823725700378418,32.2443733215332,4.705967903137207,-6.086956521739131,False,,0.5841433480608739,0.5894778796333201,"[495, 581, 711, 828]",output\design\basic-defender-turnarounds-v1\engineer-variant-b-turnaround.png,blender\renders\hooded-turnarounds-v3\runebreaker-t3-left.png,"Raster lighting, antialiasing, grid overlap, shadows and VI gold effect separation (3px bright-structure opening may remove narrow bright cloth or steel tips); strict/loose masks are sensitivity bounds, not calibrated confidence intervals."
runebreaker,engineer,3,right,0.6048797701265313,0.97,False,9.898311614990234,29.42787742614746,4.303613662719727,-9.130434782608695,False,,0.6021322388507934,0.606441158598339,"[715, 581, 912, 828]",output\design\basic-defender-turnarounds-v1\engineer-variant-b-turnaround.png,blender\renders\hooded-turnarounds-v3\runebreaker-t3-right.png,"Raster lighting, antialiasing, grid overlap, shadows and VI gold effect separation (3px bright-structure opening may remove narrow bright cloth or steel tips); strict/loose masks are sensitivity bounds, not calibrated confidence intervals."
runebreaker,engineer,4,front,0.6720385098367517,0.97,False,7.177281856536865,18.681541442871094,3.0283889770507812,0.8438818565400843,False,,0.66603541995441,0.6720385098367517,"[49, 830, 271, 1081]",output\design\basic-defender-turnarounds-v1\engineer-variant-b-turnaround.png,blender\renders\hooded-turnarounds-v3\runebreaker-t4-front.png,"Raster lighting, antialiasing, grid overlap, shadows and VI gold effect separation (3px bright-structure opening may remove narrow bright cloth or steel tips); strict/loose masks are sensitivity bounds, not calibrated confidence intervals."
runebreaker,engineer,4,back,0.6575892857142858,0.97,False,6.436909198760986,15.29705810546875,2.739110231399536,3.829787234042553,False,,0.6145243009945581,0.6655503624921797,"[275, 830, 491, 1081]",output\design\basic-defender-turnarounds-v1\engineer-variant-b-turnaround.png,blender\renders\hooded-turnarounds-v3\runebreaker-t4-back.png,"Raster lighting, antialiasing, grid overlap, shadows and VI gold effect separation (3px bright-structure opening may remove narrow bright cloth or steel tips); strict/loose masks are sensitivity bounds, not calibrated confidence intervals."
runebreaker,engineer,4,left,0.5853487720608833,0.97,False,10.205365180969238,28.17534065246582,4.342708587646484,-7.234042553191489,False,,0.5714017639331957,0.5862736958627369,"[495, 830, 711, 1081]",output\design\basic-defender-turnarounds-v1\engineer-variant-b-turnaround.png,blender\renders\hooded-turnarounds-v3\runebreaker-t4-left.png,"Raster lighting, antialiasing, grid overlap, shadows and VI gold effect separation (3px bright-structure opening may remove narrow bright cloth or steel tips); strict/loose masks are sensitivity bounds, not calibrated confidence intervals."
runebreaker,engineer,4,right,0.589453771577205,0.97,False,7.891000270843506,20.2237491607666,3.357872486114502,-8.936170212765958,False,,0.5784495460810875,0.5945274797357447,"[715, 830, 912, 1081]",output\design\basic-defender-turnarounds-v1\engineer-variant-b-turnaround.png,blender\renders\hooded-turnarounds-v3\runebreaker-t4-right.png,"Raster lighting, antialiasing, grid overlap, shadows and VI gold effect separation (3px bright-structure opening may remove narrow bright cloth or steel tips); strict/loose masks are sensitivity bounds, not calibrated confidence intervals."
runebreaker,engineer,5,front,0.6670396922538906,0.97,False,7.423771381378174,19.416488647460938,3.1323928833007812,0.8438818565400843,False,,0.6646284265017545,0.6674620999438517,"[49, 1083, 271, 1328]",output\design\basic-defender-turnarounds-v1\engineer-variant-b-turnaround.png,blender\renders\hooded-turnarounds-v3\runebreaker-t5-front.png,"Raster lighting, antialiasing, grid overlap, shadows and VI gold effect separation (3px bright-structure opening may remove narrow bright cloth or steel tips); strict/loose masks are sensitivity bounds, not calibrated confidence intervals."
runebreaker,engineer,5,back,0.6663956539413873,0.97,False,6.818728923797607,17.05282974243164,2.9015867710113525,4.25531914893617,False,,0.665365889917122,0.6663956539413873,"[275, 1083, 491, 1328]",output\design\basic-defender-turnarounds-v1\engineer-variant-b-turnaround.png,blender\renders\hooded-turnarounds-v3\runebreaker-t5-back.png,"Raster lighting, antialiasing, grid overlap, shadows and VI gold effect separation (3px bright-structure opening may remove narrow bright cloth or steel tips); strict/loose masks are sensitivity bounds, not calibrated confidence intervals."
runebreaker,engineer,5,left,0.5916798013086879,0.97,False,10.314118385314941,31.0,4.388986587524414,-6.808510638297872,False,,0.5890352539802881,0.5926690015832654,"[495, 1083, 711, 1328]",output\design\basic-defender-turnarounds-v1\engineer-variant-b-turnaround.png,blender\renders\hooded-turnarounds-v3\runebreaker-t5-left.png,"Raster lighting, antialiasing, grid overlap, shadows and VI gold effect separation (3px bright-structure opening may remove narrow bright cloth or steel tips); strict/loose masks are sensitivity bounds, not calibrated confidence intervals."
runebreaker,engineer,5,right,0.589952380952381,0.97,False,10.19566822052002,29.017236709594727,4.357122898101807,-10.256410256410255,False,,0.5878595760787282,0.5901662844036697,"[715, 1083, 912, 1328]",output\design\basic-defender-turnarounds-v1\engineer-variant-b-turnaround.png,blender\renders\hooded-turnarounds-v3\runebreaker-t5-right.png,"Raster lighting, antialiasing, grid overlap, shadows and VI gold effect separation (3px bright-structure opening may remove narrow bright cloth or steel tips); strict/loose masks are sensitivity bounds, not calibrated confidence intervals."
runebreaker,engineer,6,front,0.7315981735159818,0.97,False,7.138086795806885,19.02629852294922,2.766700267791748,5.038759689922481,False,,0.7308125895006246,0.7319396263161098,"[49, 1330, 271, 1621]",output\design\basic-defender-turnarounds-v1\engineer-variant-b-turnaround.png,blender\renders\hooded-turnarounds-v3\runebreaker-t6-front.png,"Raster lighting, antialiasing, grid overlap, shadows and VI gold effect separation (3px bright-structure opening may remove narrow bright cloth or steel tips); strict/loose masks are sensitivity bounds, not calibrated confidence intervals."
runebreaker,engineer,6,back,0.6936735912505106,0.97,False,7.6073994636535645,18.439088821411133,2.9716403484344482,8.59375,False,,0.6931132075471698,0.6941084053417125,"[275, 1330, 491, 1621]",output\design\basic-defender-turnarounds-v1\engineer-variant-b-turnaround.png,blender\renders\hooded-turnarounds-v3\runebreaker-t6-back.png,"Raster lighting, antialiasing, grid overlap, shadows and VI gold effect separation (3px bright-structure opening may remove narrow bright cloth or steel tips); strict/loose masks are sensitivity bounds, not calibrated confidence intervals."
runebreaker,engineer,6,left,0.6025329504454753,0.97,False,9.276411056518555,24.331050872802734,3.623598098754883,6.25,False,,0.6020479575674978,0.6037895511405446,"[495, 1330, 711, 1621]",output\design\basic-defender-turnarounds-v1\engineer-variant-b-turnaround.png,blender\renders\hooded-turnarounds-v3\runebreaker-t6-left.png,"Raster lighting, antialiasing, grid overlap, shadows and VI gold effect separation (3px bright-structure opening may remove narrow bright cloth or steel tips); strict/loose masks are sensitivity bounds, not calibrated confidence intervals."
runebreaker,engineer,6,right,0.6265181807989835,0.97,False,8.333284378051758,22.43315887451172,3.242523193359375,2.7237354085603114,False,,0.6261685737790741,0.6268818409354103,"[715, 1330, 912, 1621]",output\design\basic-defender-turnarounds-v1\engineer-variant-b-turnaround.png,blender\renders\hooded-turnarounds-v3\runebreaker-t6-right.png,"Raster lighting, antialiasing, grid overlap, shadows and VI gold effect separation (3px bright-structure opening may remove narrow bright cloth or steel tips); strict/loose masks are sensitivity bounds, not calibrated confidence intervals."
frostwarden,frostwarden,1,front,0.7955679962677863,0.97,False,3.326643466949463,8.997210502624512,1.386101484298706,-1.6666666666666667,False,,0.7913442379871183,0.797677032596478,"[47, 82, 271, 338]",output\design\basic-defender-turnarounds-v1\frostwarden-variant-b-turnaround.png,blender\renders\hooded-turnarounds-v3\frostwarden-t1-front.png,"Raster lighting, antialiasing, grid overlap, shadows and VI gold effect separation (3px bright-structure opening may remove narrow bright cloth or steel tips); strict/loose masks are sensitivity bounds, not calibrated confidence intervals."
frostwarden,frostwarden,1,back,0.7823815028901734,0.97,False,3.684661626815796,10.0,1.5352756977081299,-3.3333333333333335,False,,0.7792954378219279,0.7838552540013918,"[275, 82, 491, 338]",output\design\basic-defender-turnarounds-v1\frostwarden-variant-b-turnaround.png,blender\renders\hooded-turnarounds-v3\frostwarden-t1-back.png,"Raster lighting, antialiasing, grid overlap, shadows and VI gold effect separation (3px bright-structure opening may remove narrow bright cloth or steel tips); strict/loose masks are sensitivity bounds, not calibrated confidence intervals."
frostwarden,frostwarden,1,left,0.6439716312056738,0.97,False,5.462785720825195,14.866068840026855,2.2667160034179688,5.809128630705394,False,,0.6418655097613882,0.6462491774511955,"[495, 82, 711, 338]",output\design\basic-defender-turnarounds-v1\frostwarden-variant-b-turnaround.png,blender\renders\hooded-turnarounds-v3\frostwarden-t1-left.png,"Raster lighting, antialiasing, grid overlap, shadows and VI gold effect separation (3px bright-structure opening may remove narrow bright cloth or steel tips); strict/loose masks are sensitivity bounds, not calibrated confidence intervals."
frostwarden,frostwarden,1,right,0.7171959591449462,0.97,False,3.8947393894195557,11.027209281921387,1.616074562072754,0.8298755186721992,False,,0.7131292969616323,0.7201323092448282,"[715, 82, 912, 338]",output\design\basic-defender-turnarounds-v1\frostwarden-variant-b-turnaround.png,blender\renders\hooded-turnarounds-v3\frostwarden-t1-right.png,"Raster lighting, antialiasing, grid overlap, shadows and VI gold effect separation (3px bright-structure opening may remove narrow bright cloth or steel tips); strict/loose masks are sensitivity bounds, not calibrated confidence intervals."
frostwarden,frostwarden,2,front,0.7755949603359776,0.97,False,4.071836471557617,12.157133102416992,1.7108556032180786,-2.5210084033613445,False,,0.7721987810595405,0.7755949603359776,"[47, 340, 271, 590]",output\design\basic-defender-turnarounds-v1\frostwarden-variant-b-turnaround.png,blender\renders\hooded-turnarounds-v3\frostwarden-t2-front.png,"Raster lighting, antialiasing, grid overlap, shadows and VI gold effect separation (3px bright-structure opening may remove narrow bright cloth or steel tips); strict/loose masks are sensitivity bounds, not calibrated confidence intervals."
frostwarden,frostwarden,2,back,0.7424874982795797,0.97,False,4.690157413482666,14.390884399414062,1.9706543684005737,-4.621848739495799,False,,0.740812468298981,0.7424874982795797,"[275, 340, 491, 590]",output\design\basic-defender-turnarounds-v1\frostwarden-variant-b-turnaround.png,blender\renders\hooded-turnarounds-v3\frostwarden-t2-back.png,"Raster lighting, antialiasing, grid overlap, shadows and VI gold effect separation (3px bright-structure opening may remove narrow bright cloth or steel tips); strict/loose masks are sensitivity bounds, not calibrated confidence intervals."
frostwarden,frostwarden,2,left,0.643602989668059,0.97,False,5.146660804748535,13.949875831604004,2.171586751937866,4.641350210970464,False,,0.6378321755430588,0.643602989668059,"[495, 340, 711, 590]",output\design\basic-defender-turnarounds-v1\frostwarden-variant-b-turnaround.png,blender\renders\hooded-turnarounds-v3\frostwarden-t2-left.png,"Raster lighting, antialiasing, grid overlap, shadows and VI gold effect separation (3px bright-structure opening may remove narrow bright cloth or steel tips); strict/loose masks are sensitivity bounds, not calibrated confidence intervals."
frostwarden,frostwarden,2,right,0.6751784733662822,0.97,False,4.197546005249023,11.180339813232422,1.7636748552322388,0.42016806722689076,False,,0.672691637630662,0.6751784733662822,"[715, 340, 912, 590]",output\design\basic-defender-turnarounds-v1\frostwarden-variant-b-turnaround.png,blender\renders\hooded-turnarounds-v3\frostwarden-t2-right.png,"Raster lighting, antialiasing, grid overlap, shadows and VI gold effect separation (3px bright-structure opening may remove narrow bright cloth or steel tips); strict/loose masks are sensitivity bounds, not calibrated confidence intervals."
frostwarden,frostwarden,3,front,0.6312807576196187,0.97,False,6.228056907653809,16.004680633544922,2.672985792160034,2.575107296137339,False,,0.626578073089701,0.6312807576196187,"[47, 592, 271, 841]",output\design\basic-defender-turnarounds-v1\frostwarden-variant-b-turnaround.png,blender\renders\hooded-turnarounds-v3\frostwarden-t3-front.png,"Raster lighting, antialiasing, grid overlap, shadows and VI gold effect separation (3px bright-structure opening may remove narrow bright cloth or steel tips); strict/loose masks are sensitivity bounds, not calibrated confidence intervals."
frostwarden,frostwarden,3,back,0.6396277690850696,0.97,False,6.333826541900635,18.52819061279297,2.706763505935669,-0.4273504273504274,False,,0.6346852800264332,0.6418982716860298,"[275, 592, 491, 841]",output\design\basic-defender-turnarounds-v1\frostwarden-variant-b-turnaround.png,blender\renders\hooded-turnarounds-v3\frostwarden-t3-back.png,"Raster lighting, antialiasing, grid overlap, shadows and VI gold effect separation (3px bright-structure opening may remove narrow bright cloth or steel tips); strict/loose masks are sensitivity bounds, not calibrated confidence intervals."
frostwarden,frostwarden,3,left,0.6062428704759929,0.97,False,5.599209308624268,16.0,2.4030940532684326,2.1459227467811157,False,,0.6052206533632053,0.6075942836506216,"[495, 592, 711, 841]",output\design\basic-defender-turnarounds-v1\frostwarden-variant-b-turnaround.png,blender\renders\hooded-turnarounds-v3\frostwarden-t3-left.png,"Raster lighting, antialiasing, grid overlap, shadows and VI gold effect separation (3px bright-structure opening may remove narrow bright cloth or steel tips); strict/loose masks are sensitivity bounds, not calibrated confidence intervals."
frostwarden,frostwarden,3,right,0.609433579896646,0.97,False,4.890440464019775,13.0,2.0899317264556885,-1.7094017094017095,False,,0.6091158815749314,0.6110157512116317,"[715, 592, 912, 841]",output\design\basic-defender-turnarounds-v1\frostwarden-variant-b-turnaround.png,blender\renders\hooded-turnarounds-v3\frostwarden-t3-right.png,"Raster lighting, antialiasing, grid overlap, shadows and VI gold effect separation (3px bright-structure opening may remove narrow bright cloth or steel tips); strict/loose masks are sensitivity bounds, not calibrated confidence intervals."
frostwarden,frostwarden,4,front,0.5981168673725047,0.97,False,6.73176908493042,18.98946189880371,2.804903984069824,1.25,False,,0.5920892494929006,0.6021674321166707,"[47, 843, 271, 1100]",output\design\basic-defender-turnarounds-v1\frostwarden-variant-b-turnaround.png,blender\renders\hooded-turnarounds-v3\frostwarden-t4-front.png,"Raster lighting, antialiasing, grid overlap, shadows and VI gold effect separation (3px bright-structure opening may remove narrow bright cloth or steel tips); strict/loose masks are sensitivity bounds, not calibrated confidence intervals."
frostwarden,frostwarden,4,back,0.5814590890769851,0.97,False,6.711033821105957,21.931713104248047,2.796264171600342,-2.5,False,,0.5374615831879724,0.5841659644476546,"[275, 843, 491, 1100]",output\design\basic-defender-turnarounds-v1\frostwarden-variant-b-turnaround.png,blender\renders\hooded-turnarounds-v3\frostwarden-t4-back.png,"Raster lighting, antialiasing, grid overlap, shadows and VI gold effect separation (3px bright-structure opening may remove narrow bright cloth or steel tips); strict/loose masks are sensitivity bounds, not calibrated confidence intervals."
frostwarden,frostwarden,4,left,0.5978405403967874,0.97,False,5.611204147338867,15.55634880065918,2.4082419872283936,-0.8583690987124464,False,,0.5929165548698685,0.6007735509166049,"[495, 843, 711, 1100]",output\design\basic-defender-turnarounds-v1\frostwarden-variant-b-turnaround.png,blender\renders\hooded-turnarounds-v3\frostwarden-t4-left.png,"Raster lighting, antialiasing, grid overlap, shadows and VI gold effect separation (3px bright-structure opening may remove narrow bright cloth or steel tips); strict/loose masks are sensitivity bounds, not calibrated confidence intervals."
frostwarden,frostwarden,4,right,0.5765895237623272,0.97,False,5.677724838256836,16.492422103881836,2.375617027282715,-2.928870292887029,False,,0.555261184703824,0.5769590700881643,"[715, 843, 912, 1100]",output\design\basic-defender-turnarounds-v1\frostwarden-variant-b-turnaround.png,blender\renders\hooded-turnarounds-v3\frostwarden-t4-right.png,"Raster lighting, antialiasing, grid overlap, shadows and VI gold effect separation (3px bright-structure opening may remove narrow bright cloth or steel tips); strict/loose masks are sensitivity bounds, not calibrated confidence intervals."
frostwarden,frostwarden,5,front,0.6960181399663311,0.97,False,7.03325080871582,21.619422912597656,2.8359882831573486,1.6129032258064515,False,,0.6922600619195046,0.6971422690315277,"[47, 1102, 271, 1357]",output\design\basic-defender-turnarounds-v1\frostwarden-variant-b-turnaround.png,blender\renders\hooded-turnarounds-v3\frostwarden-t5-front.png,"Raster lighting, antialiasing, grid overlap, shadows and VI gold effect separation (3px bright-structure opening may remove narrow bright cloth or steel tips); strict/loose masks are sensitivity bounds, not calibrated confidence intervals. Foreground touches source row crop boundary; reference clipping possible."
frostwarden,frostwarden,5,back,0.6603037625129444,0.97,False,7.127245903015137,18.997364044189453,2.873889446258545,2.82258064516129,False,,0.6558158822309765,0.6643925298049755,"[275, 1102, 491, 1357]",output\design\basic-defender-turnarounds-v1\frostwarden-variant-b-turnaround.png,blender\renders\hooded-turnarounds-v3\frostwarden-t5-back.png,"Raster lighting, antialiasing, grid overlap, shadows and VI gold effect separation (3px bright-structure opening may remove narrow bright cloth or steel tips); strict/loose masks are sensitivity bounds, not calibrated confidence intervals. Foreground touches source row crop boundary; reference clipping possible."
frostwarden,frostwarden,5,left,0.6401232638113528,0.97,False,5.366934299468994,16.76305389404297,2.181680679321289,1.2195121951219512,False,,0.6381711522099324,0.6440149625935162,"[495, 1102, 711, 1357]",output\design\basic-defender-turnarounds-v1\frostwarden-variant-b-turnaround.png,blender\renders\hooded-turnarounds-v3\frostwarden-t5-left.png,"Raster lighting, antialiasing, grid overlap, shadows and VI gold effect separation (3px bright-structure opening may remove narrow bright cloth or steel tips); strict/loose masks are sensitivity bounds, not calibrated confidence intervals."
frostwarden,frostwarden,5,right,0.6193460374301915,0.97,False,5.129386901855469,16.031219482421875,2.068301200866699,-2.0161290322580645,False,,0.6184508789187803,0.6203703703703703,"[715, 1102, 912, 1357]",output\design\basic-defender-turnarounds-v1\frostwarden-variant-b-turnaround.png,blender\renders\hooded-turnarounds-v3\frostwarden-t5-right.png,"Raster lighting, antialiasing, grid overlap, shadows and VI gold effect separation (3px bright-structure opening may remove narrow bright cloth or steel tips); strict/loose masks are sensitivity bounds, not calibrated confidence intervals. Foreground touches source row crop boundary; reference clipping possible."
frostwarden,frostwarden,6,front,0.7611430945456704,0.97,False,5.303956508636475,17.804492950439453,1.8942703008651733,0.35714285714285715,False,,0.7590386500698137,0.7618440179180634,"[47, 1359, 271, 1649]",output\design\basic-defender-turnarounds-v1\frostwarden-variant-b-turnaround.png,blender\renders\hooded-turnarounds-v3\frostwarden-t6-front.png,"Raster lighting, antialiasing, grid overlap, shadows and VI gold effect separation (3px bright-structure opening may remove narrow bright cloth or steel tips); strict/loose masks are sensitivity bounds, not calibrated confidence intervals. Foreground touches source row crop boundary; reference clipping possible."
frostwarden,frostwarden,6,back,0.5912932635020922,0.97,False,9.930217742919922,26.45749282836914,3.54650616645813,5.0,False,,0.5869390023620953,0.5937171034406338,"[275, 1359, 491, 1649]",output\design\basic-defender-turnarounds-v1\frostwarden-variant-b-turnaround.png,blender\renders\hooded-turnarounds-v3\frostwarden-t6-back.png,"Raster lighting, antialiasing, grid overlap, shadows and VI gold effect separation (3px bright-structure opening may remove narrow bright cloth or steel tips); strict/loose masks are sensitivity bounds, not calibrated confidence intervals. Foreground touches source row crop boundary; reference clipping possible."
frostwarden,frostwarden,6,left,0.6510116948208651,0.97,False,5.926114082336426,17.8179874420166,2.1089372634887695,0.3558718861209964,False,,0.649814126394052,0.6513560642600081,"[495, 1359, 711, 1649]",output\design\basic-defender-turnarounds-v1\frostwarden-variant-b-turnaround.png,blender\renders\hooded-turnarounds-v3\frostwarden-t6-left.png,"Raster lighting, antialiasing, grid overlap, shadows and VI gold effect separation (3px bright-structure opening may remove narrow bright cloth or steel tips); strict/loose masks are sensitivity bounds, not calibrated confidence intervals. Foreground touches source row crop boundary; reference clipping possible."
frostwarden,frostwarden,6,right,0.6397929261847012,0.97,False,5.628337860107422,17.262676239013672,2.0101206302642822,-2.5,False,,0.6388002321195415,0.6398683591913493,"[715, 1359, 912, 1649]",output\design\basic-defender-turnarounds-v1\frostwarden-variant-b-turnaround.png,blender\renders\hooded-turnarounds-v3\frostwarden-t6-right.png,"Raster lighting, antialiasing, grid overlap, shadows and VI gold effect separation (3px bright-structure opening may remove narrow bright cloth or steel tips); strict/loose masks are sensitivity bounds, not calibrated confidence intervals. Foreground touches source row crop boundary; reference clipping possible."
stormcaller,stormcaller,1,front,0.6773439933547918,0.97,False,4.66037130355835,12.529964447021484,1.8791818618774414,2.0161290322580645,False,,0.6745917633768101,0.678575164766189,"[50, 79, 271, 336]",output\design\basic-defender-turnarounds-v1\stormcaller-variant-b-turnaround.png,blender\renders\hooded-turnarounds-v3\stormcaller-t1-front.png,"Raster lighting, antialiasing, grid overlap, shadows and VI gold effect separation (3px bright-structure opening may remove narrow bright cloth or steel tips); strict/loose masks are sensitivity bounds, not calibrated confidence intervals. Foreground touches source row crop boundary; reference clipping possible."
stormcaller,stormcaller,1,back,0.7384300414848338,0.97,False,3.7716426849365234,9.219544410705566,1.5208237171173096,-0.8064516129032258,False,,0.7351593307044655,0.741665761754805,"[275, 79, 491, 336]",output\design\basic-defender-turnarounds-v1\stormcaller-variant-b-turnaround.png,blender\renders\hooded-turnarounds-v3\stormcaller-t1-back.png,"Raster lighting, antialiasing, grid overlap, shadows and VI gold effect separation (3px bright-structure opening may remove narrow bright cloth or steel tips); strict/loose masks are sensitivity bounds, not calibrated confidence intervals. Foreground touches source row crop boundary; reference clipping possible."
stormcaller,stormcaller,1,left,0.5636834132794749,0.97,False,7.133601188659668,21.02379608154297,2.8764522075653076,-5.64516129032258,False,,0.5633723477498904,0.5646759847522236,"[495, 79, 711, 336]",output\design\basic-defender-turnarounds-v1\stormcaller-variant-b-turnaround.png,blender\renders\hooded-turnarounds-v3\stormcaller-t1-left.png,"Raster lighting, antialiasing, grid overlap, shadows and VI gold effect separation (3px bright-structure opening may remove narrow bright cloth or steel tips); strict/loose masks are sensitivity bounds, not calibrated confidence intervals. Foreground touches source row crop boundary; reference clipping possible."
stormcaller,stormcaller,1,right,0.5476456702695988,0.97,False,7.352687358856201,22.472204208374023,2.9647934436798096,-6.451612903225806,False,,0.5476456702695988,0.5481957488877904,"[715, 79, 912, 336]",output\design\basic-defender-turnarounds-v1\stormcaller-variant-b-turnaround.png,blender\renders\hooded-turnarounds-v3\stormcaller-t1-right.png,"Raster lighting, antialiasing, grid overlap, shadows and VI gold effect separation (3px bright-structure opening may remove narrow bright cloth or steel tips); strict/loose masks are sensitivity bounds, not calibrated confidence intervals. Foreground touches source row crop boundary; reference clipping possible."
stormcaller,stormcaller,2,front,0.7635885736956953,0.97,False,4.284021377563477,12.806248664855957,1.7344216108322144,0.8097165991902834,False,,0.7606510053752737,0.7660475885511602,"[50, 338, 271, 594]",output\design\basic-defender-turnarounds-v1\stormcaller-variant-b-turnaround.png,blender\renders\hooded-turnarounds-v3\stormcaller-t2-front.png,"Raster lighting, antialiasing, grid overlap, shadows and VI gold effect separation (3px bright-structure opening may remove narrow bright cloth or steel tips); strict/loose masks are sensitivity bounds, not calibrated confidence intervals."
stormcaller,stormcaller,2,back,0.7890778781608035,0.97,False,3.6289920806884766,9.035995483398438,1.4692275524139404,-1.214574898785425,False,,0.7869156071678847,0.7896231678247198,"[275, 338, 491, 594]",output\design\basic-defender-turnarounds-v1\stormcaller-variant-b-turnaround.png,blender\renders\hooded-turnarounds-v3\stormcaller-t2-back.png,"Raster lighting, antialiasing, grid overlap, shadows and VI gold effect separation (3px bright-structure opening may remove narrow bright cloth or steel tips); strict/loose masks are sensitivity bounds, not calibrated confidence intervals."
stormcaller,stormcaller,2,left,0.5351384410096742,0.97,False,7.352787017822266,17.026445388793945,2.9889378547668457,0.8130081300813009,False,,0.5304381759393466,0.5374848183725295,"[495, 338, 711, 594]",output\design\basic-defender-turnarounds-v1\stormcaller-variant-b-turnaround.png,blender\renders\hooded-turnarounds-v3\stormcaller-t2-left.png,"Raster lighting, antialiasing, grid overlap, shadows and VI gold effect separation (3px bright-structure opening may remove narrow bright cloth or steel tips); strict/loose masks are sensitivity bounds, not calibrated confidence intervals."
stormcaller,stormcaller,2,right,0.5145977508650519,0.97,False,7.7476630210876465,17.704513549804688,3.1367056369781494,0.0,False,,0.5137510170870626,0.5176590933563046,"[715, 338, 912, 594]",output\design\basic-defender-turnarounds-v1\stormcaller-variant-b-turnaround.png,blender\renders\hooded-turnarounds-v3\stormcaller-t2-right.png,"Raster lighting, antialiasing, grid overlap, shadows and VI gold effect separation (3px bright-structure opening may remove narrow bright cloth or steel tips); strict/loose masks are sensitivity bounds, not calibrated confidence intervals."
stormcaller,stormcaller,3,front,0.7226834621624201,0.97,False,4.8417649269104,13.03840446472168,1.952324628829956,0.0,False,,0.7212812263436791,0.7226834621624201,"[50, 596, 271, 857]",output\design\basic-defender-turnarounds-v1\stormcaller-variant-b-turnaround.png,blender\renders\hooded-turnarounds-v3\stormcaller-t3-front.png,"Raster lighting, antialiasing, grid overlap, shadows and VI gold effect separation (3px bright-structure opening may remove narrow bright cloth or steel tips); strict/loose masks are sensitivity bounds, not calibrated confidence intervals."
stormcaller,stormcaller,3,back,0.712017108795559,0.97,False,4.691288471221924,10.816654205322266,1.8397209644317627,-1.1764705882352942,False,,0.7116614878450009,0.712017108795559,"[275, 596, 491, 857]",output\design\basic-defender-turnarounds-v1\stormcaller-variant-b-turnaround.png,blender\renders\hooded-turnarounds-v3\stormcaller-t3-back.png,"Raster lighting, antialiasing, grid overlap, shadows and VI gold effect separation (3px bright-structure opening may remove narrow bright cloth or steel tips); strict/loose masks are sensitivity bounds, not calibrated confidence intervals."
stormcaller,stormcaller,3,left,0.5064714619138553,0.97,False,7.7324748039245605,17.72004508972168,3.130556583404541,-0.8097165991902834,False,,0.5048745405146237,0.5064714619138553,"[495, 596, 711, 857]",output\design\basic-defender-turnarounds-v1\stormcaller-variant-b-turnaround.png,blender\renders\hooded-turnarounds-v3\stormcaller-t3-left.png,"Raster lighting, antialiasing, grid overlap, shadows and VI gold effect separation (3px bright-structure opening may remove narrow bright cloth or steel tips); strict/loose masks are sensitivity bounds, not calibrated confidence intervals."
stormcaller,stormcaller,3,right,0.44727452923686817,0.97,False,8.200453758239746,19.82421112060547,3.280181407928467,-3.5999999999999996,False,,0.4455603062543502,0.4503059613106988,"[715, 596, 912, 857]",output\design\basic-defender-turnarounds-v1\stormcaller-variant-b-turnaround.png,blender\renders\hooded-turnarounds-v3\stormcaller-t3-right.png,"Raster lighting, antialiasing, grid overlap, shadows and VI gold effect separation (3px bright-structure opening may remove narrow bright cloth or steel tips); strict/loose masks are sensitivity bounds, not calibrated confidence intervals."
stormcaller,stormcaller,4,front,0.6643294986984634,0.97,False,8.09074592590332,24.73863410949707,3.3158793449401855,-2.459016393442623,False,,0.6089442256384195,0.6788126407070791,"[50, 859, 271, 1118]",output\design\basic-defender-turnarounds-v1\stormcaller-variant-b-turnaround.png,blender\renders\hooded-turnarounds-v3\stormcaller-t4-front.png,"Raster lighting, antialiasing, grid overlap, shadows and VI gold effect separation (3px bright-structure opening may remove narrow bright cloth or steel tips); strict/loose masks are sensitivity bounds, not calibrated confidence intervals."
stormcaller,stormcaller,4,back,0.6885067654639175,0.97,False,7.420840740203857,27.294687271118164,2.9101336002349854,-2.3529411764705883,False,,0.5390602714047027,0.6941350261508364,"[275, 859, 491, 1118]",output\design\basic-defender-turnarounds-v1\stormcaller-variant-b-turnaround.png,blender\renders\hooded-turnarounds-v3\stormcaller-t4-back.png,"Raster lighting, antialiasing, grid overlap, shadows and VI gold effect separation (3px bright-structure opening may remove narrow bright cloth or steel tips); strict/loose masks are sensitivity bounds, not calibrated confidence intervals. Foreground touches source row crop boundary; reference clipping possible."
stormcaller,stormcaller,4,left,0.5700839995951826,0.97,False,7.03100061416626,17.464248657226562,2.8815577030181885,-4.098360655737705,False,,0.5556291053515963,0.5716003607575909,"[495, 859, 711, 1118]",output\design\basic-defender-turnarounds-v1\stormcaller-variant-b-turnaround.png,blender\renders\hooded-turnarounds-v3\stormcaller-t4-left.png,"Raster lighting, antialiasing, grid overlap, shadows and VI gold effect separation (3px bright-structure opening may remove narrow bright cloth or steel tips); strict/loose masks are sensitivity bounds, not calibrated confidence intervals."
stormcaller,stormcaller,4,right,0.48523075556345224,0.97,False,8.547001838684082,22.106542587280273,3.3782615661621094,-7.905138339920949,False,,0.47427013010238295,0.48873943630812794,"[715, 859, 912, 1118]",output\design\basic-defender-turnarounds-v1\stormcaller-variant-b-turnaround.png,blender\renders\hooded-turnarounds-v3\stormcaller-t4-right.png,"Raster lighting, antialiasing, grid overlap, shadows and VI gold effect separation (3px bright-structure opening may remove narrow bright cloth or steel tips); strict/loose masks are sensitivity bounds, not calibrated confidence intervals."
stormcaller,stormcaller,5,front,0.6545137447055892,0.97,False,6.541754245758057,20.007495880126953,2.692080020904541,-4.526748971193416,False,,0.6531134020618556,0.6545137447055892,"[50, 1120, 271, 1379]",output\design\basic-defender-turnarounds-v1\stormcaller-variant-b-turnaround.png,blender\renders\hooded-turnarounds-v3\stormcaller-t5-front.png,"Raster lighting, antialiasing, grid overlap, shadows and VI gold effect separation (3px bright-structure opening may remove narrow bright cloth or steel tips); strict/loose masks are sensitivity bounds, not calibrated confidence intervals."
stormcaller,stormcaller,5,back,0.7173389892727495,0.97,False,5.272284984588623,13.45362377166748,2.075702667236328,-3.149606299212598,False,,0.7167105529673891,0.7173645824797181,"[275, 1120, 491, 1379]",output\design\basic-defender-turnarounds-v1\stormcaller-variant-b-turnaround.png,blender\renders\hooded-turnarounds-v3\stormcaller-t5-back.png,"Raster lighting, antialiasing, grid overlap, shadows and VI gold effect separation (3px bright-structure opening may remove narrow bright cloth or steel tips); strict/loose masks are sensitivity bounds, not calibrated confidence intervals. Foreground touches source row crop boundary; reference clipping possible."
stormcaller,stormcaller,5,left,0.5105723569107723,0.97,False,7.862462520599365,19.7180118560791,3.222320556640625,-10.245901639344263,False,,0.5088264794383149,0.5109311338567027,"[495, 1120, 711, 1379]",output\design\basic-defender-turnarounds-v1\stormcaller-variant-b-turnaround.png,blender\renders\hooded-turnarounds-v3\stormcaller-t5-left.png,"Raster lighting, antialiasing, grid overlap, shadows and VI gold effect separation (3px bright-structure opening may remove narrow bright cloth or steel tips); strict/loose masks are sensitivity bounds, not calibrated confidence intervals."
stormcaller,stormcaller,5,right,0.4779134494523254,0.97,False,8.307069778442383,22.825424194335938,3.2704997062683105,-12.598425196850393,False,,0.47752530933633297,0.4794863764484811,"[715, 1120, 912, 1379]",output\design\basic-defender-turnarounds-v1\stormcaller-variant-b-turnaround.png,blender\renders\hooded-turnarounds-v3\stormcaller-t5-right.png,"Raster lighting, antialiasing, grid overlap, shadows and VI gold effect separation (3px bright-structure opening may remove narrow bright cloth or steel tips); strict/loose masks are sensitivity bounds, not calibrated confidence intervals. Foreground touches source row crop boundary; reference clipping possible."
stormcaller,stormcaller,6,front,0.6481861165739152,0.97,False,6.434228420257568,18.384777069091797,2.6369788646698,-2.8688524590163933,False,,0.64675,0.6491449220555485,"[50, 1381, 271, 1649]",output\design\basic-defender-turnarounds-v1\stormcaller-variant-b-turnaround.png,blender\renders\hooded-turnarounds-v3\stormcaller-t6-front.png,"Raster lighting, antialiasing, grid overlap, shadows and VI gold effect separation (3px bright-structure opening may remove narrow bright cloth or steel tips); strict/loose masks are sensitivity bounds, not calibrated confidence intervals."
stormcaller,stormcaller,6,back,0.7258138277969484,0.97,False,4.730732440948486,12.206555366516113,1.8336173295974731,-3.10077519379845,False,,0.7250332889480693,0.7276806115242408,"[275, 1381, 491, 1649]",output\design\basic-defender-turnarounds-v1\stormcaller-variant-b-turnaround.png,blender\renders\hooded-turnarounds-v3\stormcaller-t6-back.png,"Raster lighting, antialiasing, grid overlap, shadows and VI gold effect separation (3px bright-structure opening may remove narrow bright cloth or steel tips); strict/loose masks are sensitivity bounds, not calibrated confidence intervals. Foreground touches source row crop boundary; reference clipping possible."
stormcaller,stormcaller,6,left,0.4745090357020422,0.97,False,7.788970947265625,19.030235290527344,3.1922011375427246,-10.245901639344263,False,,0.4741878496417705,0.47457544168746635,"[495, 1381, 711, 1649]",output\design\basic-defender-turnarounds-v1\stormcaller-variant-b-turnaround.png,blender\renders\hooded-turnarounds-v3\stormcaller-t6-left.png,"Raster lighting, antialiasing, grid overlap, shadows and VI gold effect separation (3px bright-structure opening may remove narrow bright cloth or steel tips); strict/loose masks are sensitivity bounds, not calibrated confidence intervals."
stormcaller,stormcaller,6,right,0.4894366197183099,0.97,False,7.4965925216674805,21.02379608154297,2.905656099319458,-11.627906976744185,False,,0.4893243243243243,0.48977838082315694,"[715, 1381, 912, 1649]",output\design\basic-defender-turnarounds-v1\stormcaller-variant-b-turnaround.png,blender\renders\hooded-turnarounds-v3\stormcaller-t6-right.png,"Raster lighting, antialiasing, grid overlap, shadows and VI gold effect separation (3px bright-structure opening may remove narrow bright cloth or steel tips); strict/loose masks are sensitivity bounds, not calibrated confidence intervals. Foreground touches source row crop boundary; reference clipping possible."
